city,date,pm25,pm10,no2,aqi,vehicles_registered
Delhi,2019-01-01,127.7,234.3,26.5,341,3283728
Delhi,2019-02-01,125,287.3,41.9,358,3288654
Delhi,2019-03-01,95.9,168.2,46.6,267,3297862
Delhi,2019-04-01,69.3,151.1,38.2,203,3310394
Delhi,2019-05-01,45.4,107.7,41.9,144,3319001
Delhi,2019-06-01,41.7,87.9,41.5,131,3330949
Delhi,2019-07-01,31.3,50.5,35.2,96,3334613
Delhi,2019-08-01,36.6,59.8,51.7,118,3348285
Delhi,2019-09-01,50.2,98.7,45.9,153,3359334
Delhi,2019-10-01,63.2,127.8,35.2,183,3369748
Delhi,2019-11-01,97.2,165.1,49.1,270,3381879
Delhi,2019-12-01,117.1,202,35.3,314,3386614
Delhi,2020-01-01,128.2,231.1,38.7,347,3394403
Delhi,2020-02-01,95.3,188.1,52.6,274,3410017
Delhi,2020-03-01,84.3,196.2,41.9,249,3422634
Delhi,2020-04-01,150.9,285.7,44.5,412,3430848
Delhi,2020-05-01,61.2,140.8,33.1,181,3435651
Delhi,2020-06-01,36.5,73.7,33.2,112,3454891
Delhi,2020-07-01,36.9,62.5,34.6,110,3461801
Delhi,2020-08-01,33.7,79,47.9,115,3469071
Delhi,2020-09-01,60.1,139.5,28.7,177,3474968
Delhi,2020-10-01,77.2,159.5,51.4,229,3482960
Delhi,2020-11-01,101.1,187.4,50.2,285,3496544
Delhi,2020-12-01,93.8,205.3,49.3,274,3505285
Delhi,2021-01-01,97.8,213.3,42,281,3523162
Delhi,2021-02-01,99.8,219.7,36.9,285,3531265
Delhi,2021-03-01,108.2,192.8,40.2,296,3545743
Delhi,2021-04-01,76.1,129.9,48.6,217,3560990
Delhi,2021-05-01,53,107,36.5,157,3570605
Delhi,2021-06-01,43.3,75.4,27.9,124,3591315
Delhi,2021-07-01,36,70.3,41.5,114,3603885
Delhi,2021-08-01,38.1,87.5,39.8,123,3610732
Delhi,2021-09-01,48.8,88.4,46.5,148,3621925
Delhi,2021-10-01,65.4,131.7,46.5,194,3636775
Delhi,2021-11-01,81.4,169.4,47.8,238,3648413
Delhi,2021-12-01,98.1,227.5,39.3,284,3661547
Delhi,2022-01-01,119.6,231.2,43.1,331,3665209
Delhi,2022-02-01,115.5,191.4,50,315,3675838
Delhi,2022-03-01,83.1,198.7,51.4,252,3683557
Delhi,2022-04-01,66.4,149.7,43.4,200,3694976
Delhi,2022-05-01,51.5,108.7,39.5,156,3706430
Delhi,2022-06-01,41.6,85.3,35.5,127,3715696
Delhi,2022-07-01,32.1,56.7,51.4,107,3724242
Delhi,2022-08-01,37.7,90,37,121,3732808
Delhi,2022-09-01,52.8,84.6,31.7,148,3749232
Delhi,2022-10-01,67,117.9,50.3,196,3758980
Delhi,2022-11-01,91,210.4,34.4,263,3780782
Delhi,2022-12-01,121.1,206.6,35.2,324,3803089
Delhi,2023-01-01,116.1,268.1,32.4,329,3819062
Delhi,2023-02-01,118.5,270.4,45.1,341,3827464
Delhi,2023-03-01,100,160.3,34.8,267,3833971
Delhi,2023-04-01,70.4,115.4,47.7,201,3840872
Delhi,2023-05-01,47.7,92.3,38.5,143,3857772
Delhi,2023-06-01,34.1,56.6,50.5,111,3861630
Delhi,2023-07-01,36,81,38.7,116,3868967
Delhi,2023-08-01,36.3,69.9,46.5,117,3880187
Delhi,2023-09-01,51.4,107.6,41.7,156,3884455
Delhi,2023-10-01,84.3,184.9,45.1,247,3889116
Delhi,2023-11-01,107.6,210.3,40.7,300,3898061
Delhi,2023-12-01,99,161.4,29.5,263,3918331
Delhi,2024-01-01,126.1,282.9,45.6,361,3936747
Delhi,2024-02-01,108.9,236.5,48.5,314,3945802
Delhi,2024-03-01,85,195,40.1,249,3963164
Delhi,2024-04-01,64.1,150.3,45.1,196,3979017
Delhi,2024-05-01,53.3,127.8,40.6,165,3994535
Delhi,2024-06-01,40.3,93.7,51.2,134,4015706
Delhi,2024-07-01,38,84.7,42.8,123,4032572
Delhi,2024-08-01,32.4,61.9,29.5,98,4037411
Delhi,2024-09-01,59.8,132.2,28.8,174,4051138
Delhi,2024-10-01,62.5,142.3,50.5,193,4069368
Delhi,2024-11-01,79.3,184.7,32.3,231,4078728
Delhi,2024-12-01,111.2,233.6,33.6,310,4092596
Delhi,2025-01-01,98,209.4,44.2,282,4113468
Delhi,2025-02-01,103.9,172.5,31.6,277,4117993
Delhi,2025-03-01,104.6,192.3,38.3,287,4127464
Delhi,2025-04-01,63.2,106.3,36.4,178,4144387
Delhi,2025-05-01,56.3,100.1,31.8,159,4162208
Delhi,2025-06-01,42.5,100.2,30.3,130,4182187
Delhi,2025-07-01,37.7,66.2,35.7,114,4189715
Delhi,2025-08-01,32.3,74.7,30.5,102,4210664
Delhi,2025-09-01,58,127.5,38.4,174,4224138
Delhi,2025-10-01,73.5,121.6,38.4,204,4244836
Delhi,2025-11-01,100.7,210.8,40.9,286,4253750
Delhi,2025-12-01,123.9,267.3,33.9,346,4263534
Mumbai,2019-01-01,85.1,179.1,29.4,239,8091272
Mumbai,2019-02-01,78.5,147.8,38.2,221,8117164
Mumbai,2019-03-01,84.2,199.4,34.6,246,8135833
Mumbai,2019-04-01,59.2,104.9,24.8,163,8173258
Mumbai,2019-05-01,35.4,67.2,24.4,104,8219846
Mumbai,2019-06-01,25.4,49.9,32.3,82,8265055
Mumbai,2019-07-01,22.6,51.9,29.7,76,8289850
Mumbai,2019-08-01,28.5,57.8,23,86,8302285
Mumbai,2019-09-01,39.1,68.1,33.5,116,8348778
Mumbai,2019-10-01,65.9,115.2,27.3,181,8376329
Mumbai,2019-11-01,62.7,137.5,38.6,186,8403971
Mumbai,2019-12-01,77.7,156.5,29.7,218,8423300
Mumbai,2020-01-01,90.5,185.2,22.1,248,8472155
Mumbai,2020-02-01,71,132.8,28.9,197,8495877
Mumbai,2020-03-01,77.8,134.8,23.2,209,8534108
Mumbai,2020-04-01,64.5,133.8,28,184,8570805
Mumbai,2020-05-01,38.4,90.7,39.8,124,8621373
Mumbai,2020-06-01,33,58.2,30.4,99,8655858
Mumbai,2020-07-01,23.2,40.1,31.5,75,8678363
Mumbai,2020-08-01,28.2,60.7,24.2,87,8706134
Mumbai,2020-09-01,37.7,83.2,32.4,117,8735735
Mumbai,2020-10-01,55.6,132.1,26,164,8775919
Mumbai,2020-11-01,64.5,140.6,25.8,185,8818921
Mumbai,2020-12-01,71,139.7,31.6,200,8833913
Mumbai,2021-01-01,80.5,135.8,38.8,223,8845397
Mumbai,2021-02-01,73.9,164.8,26.3,211,8888739
Mumbai,2021-03-01,64.5,123,40.5,187,8913627
Mumbai,2021-04-01,57.4,133.4,25.4,168,8930563
Mumbai,2021-05-01,42.5,71.4,25.5,120,8979681
Mumbai,2021-06-01,25.2,51.3,22.7,77,9029069
Mumbai,2021-07-01,24.4,53.5,31,81,9055253
Mumbai,2021-08-01,31.9,53,38.4,99,9079702
Mumbai,2021-09-01,34.8,82.4,32.2,111,9103309
Mumbai,2021-10-01,55.8,114,33.5,163,9157019
Mumbai,2021-11-01,65.2,145.2,23.2,186,9194563
Mumbai,2021-12-01,95.9,198.6,24.4,264,9235019
Mumbai,2022-01-01,88.9,211.1,34.4,259,9249795
Mumbai,2022-02-01,95.3,228.6,36.4,278,9294194
Mumbai,2022-03-01,83.7,165.4,23.1,229,9323935
Mumbai,2022-04-01,50.3,102.6,24.1,144,9378946
Mumbai,2022-05-01,36.8,75.8,29.2,111,9433344
Mumbai,2022-06-01,29.1,62.2,30.3,92,9453154
Mumbai,2022-07-01,22.3,48.4,26,72,9463552
Mumbai,2022-08-01,31,71.8,34.6,101,9482479
Mumbai,2022-09-01,35,76.6,30.1,108,9518512
Mumbai,2022-10-01,53.1,120.5,38.1,162,9566105
Mumbai,2022-11-01,73.5,122.8,32.5,201,9618719
Mumbai,2022-12-01,95.5,187.6,29,263,9641804
Mumbai,2023-01-01,88.2,144,39.8,241,9655303
Mumbai,2023-02-01,74.3,132.6,36.2,208,9665924
Mumbai,2023-03-01,71.8,116.6,38,199,9688156
Mumbai,2023-04-01,55.9,133.9,34.3,169,9699782
Mumbai,2023-05-01,41.8,88.2,22.1,121,9728881
Mumbai,2023-06-01,25.5,53.2,26.4,80,9778498
Mumbai,2023-07-01,28.6,56,28.2,88,9807833
Mumbai,2023-08-01,28.7,53.3,32.1,90,9858834
Mumbai,2023-09-01,46.7,93.4,28.7,136,9914043
Mumbai,2023-10-01,63.5,129.4,23.5,178,9923957
Mumbai,2023-11-01,62.6,114.8,29.6,175,9965638
Mumbai,2023-12-01,88.6,201.5,29.2,253,10011480
Mumbai,2024-01-01,80.3,149.9,37.6,225,10027498
Mumbai,2024-02-01,96.9,232.4,32.6,280,10082649
Mumbai,2024-03-01,64.9,122.2,26.3,180,10118947
Mumbai,2024-04-01,62.2,112.9,28.1,173,10152340
Mumbai,2024-05-01,45.1,76.9,29,128,10213254
Mumbai,2024-06-01,34.3,69.2,38.8,109,10233681
Mumbai,2024-07-01,24.1,41.8,24.7,73,10265405
Mumbai,2024-08-01,32,73.2,29.4,101,10311599
Mumbai,2024-09-01,41.4,73.4,23.9,117,10366250
Mumbai,2024-10-01,63.7,129.4,35.5,184,10421191
Mumbai,2024-11-01,66.7,140.7,30.8,191,10461834
Mumbai,2024-12-01,91.9,153.1,25.8,244,10501589
Mumbai,2025-01-01,78.6,172.6,38,228,10522592
Mumbai,2025-02-01,90.8,199.6,22.9,254,10557317
Mumbai,2025-03-01,83.8,174.7,32.7,237,10572097
Mumbai,2025-04-01,55.4,111.6,40.3,165,10603813
Mumbai,2025-05-01,39,81.2,33.1,119,10650470
Mumbai,2025-06-01,25.2,43.1,35.2,81,10669641
Mumbai,2025-07-01,28.7,56.9,26.4,88,10727257
Mumbai,2025-08-01,29.4,55,28.9,90,10739057
Mumbai,2025-09-01,47.2,76.9,25.8,131,10786309
Mumbai,2025-10-01,56.4,129.5,29.6,167,10807882
Mumbai,2025-11-01,61.1,101.6,36.1,172,10844629
Mumbai,2025-12-01,94.1,193.8,32.2,263,10904274
Kolkata,2019-01-01,59.4,105.1,24.3,163,5673595
Kolkata,2019-02-01,66.9,111.4,21.3,179,5685510
Kolkata,2019-03-01,42.4,86.1,16.1,119,5706546
Kolkata,2019-04-01,45.5,85.1,22.7,129,5735079
Kolkata,2019-05-01,30.4,53.8,14.9,85,5749417
Kolkata,2019-06-01,21.3,35.2,21.3,64,5763216
Kolkata,2019-07-01,17.3,34.1,17.2,54,5784540
Kolkata,2019-08-01,19.3,41.7,15.4,59,5818669
Kolkata,2019-09-01,26.3,59.9,26.4,84,5827979
Kolkata,2019-10-01,43.9,83.1,16.6,121,5855953
Kolkata,2019-11-01,51.4,104.1,26,148,5867079
Kolkata,2019-12-01,64.8,135.2,22.1,182,5874706
Kolkata,2020-01-01,53.5,104,16.9,147,5885868
Kolkata,2020-02-01,120,275,18.8,332,5915886
Kolkata,2020-03-01,54.7,93.4,27.3,152,5950198
Kolkata,2020-04-01,37.7,73.7,21.4,109,5973999
Kolkata,2020-05-01,26.8,45.6,21.4,78,5990129
Kolkata,2020-06-01,21.5,48,16.3,66,6003307
Kolkata,2020-07-01,17.3,34.2,17.6,54,6036325
Kolkata,2020-08-01,18.8,41.7,28,64,6047794
Kolkata,2020-09-01,31.2,67.1,14.6,90,6070171
Kolkata,2020-10-01,36.4,66.1,15.2,101,6076241
Kolkata,2020-11-01,53.7,86.6,14.3,141,6091432
Kolkata,2020-12-01,54.1,112.1,16.8,151,6101787
Kolkata,2021-01-01,62.2,125.4,20.1,173,6126194
Kolkata,2021-02-01,60.3,126.3,26,172,6161726
Kolkata,2021-03-01,43.1,79.1,23.1,122,6188221
Kolkata,2021-04-01,36.3,73.7,19,105,6209880
Kolkata,2021-05-01,24.3,53.1,14.9,72,6232857
Kolkata,2021-06-01,17.9,35.5,18.4,56,6266514
Kolkata,2021-07-01,16.9,30.7,22.8,55,6284060
Kolkata,2021-08-01,19.1,44.2,22.6,63,6306054
Kolkata,2021-09-01,27.2,57.8,22.9,83,6341368
Kolkata,2021-10-01,43.6,70,16.2,117,6369904
Kolkata,2021-11-01,57.7,120.8,27.2,166,6394110
Kolkata,2021-12-01,50.5,106.6,24.4,146,6401783
Kolkata,2022-01-01,70.6,124.5,24.6,192,6430591
Kolkata,2022-02-01,61.5,135.1,16.9,172,6452455
Kolkata,2022-03-01,44.8,74.5,18.1,122,6476329
Kolkata,2022-04-01,44.9,94,25.9,131,6500291
Kolkata,2022-05-01,27.4,61.7,27.8,87,6523692
Kolkata,2022-06-01,23.4,52.7,20.2,73,6535435
Kolkata,2022-07-01,16.7,33.2,15.5,51,6559616
Kolkata,2022-08-01,22.7,40.4,14.4,65,6589790
Kolkata,2022-09-01,25.4,59.4,21.4,79,6597698
Kolkata,2022-10-01,36.6,63.6,19.8,103,6624089
Kolkata,2022-11-01,42.4,76.4,22.7,120,6632700
Kolkata,2022-12-01,56.4,92.2,20.4,152,6670506
Kolkata,2023-01-01,53.5,106.7,25.2,152,6696521
Kolkata,2023-02-01,56.7,106.7,22.5,157,6709244
Kolkata,2023-03-01,42.8,71.9,20.2,118,6719308
Kolkata,2023-04-01,36.2,80.6,19.1,106,6755592
Kolkata,2023-05-01,26.1,47.2,15.6,75,6765050
Kolkata,2023-06-01,22.1,37.7,18,65,6804287
Kolkata,2023-07-01,19.5,40.3,24.4,63,6834226
Kolkata,2023-08-01,20.2,34.2,20.1,61,6850628
Kolkata,2023-09-01,28.2,62.2,17.1,84,6862959
Kolkata,2023-10-01,45.6,82.6,18.4,126,6886293
Kolkata,2023-11-01,46,85.5,27.6,132,6918659
Kolkata,2023-12-01,61.7,134,19.5,174,6951177
Kolkata,2024-01-01,57.9,110.8,21,160,6960909
Kolkata,2024-02-01,58.2,138.9,16.8,167,6991537
Kolkata,2024-03-01,46.9,111,24.5,139,6999228
Kolkata,2024-04-01,34.8,66.5,17.2,99,7015326
Kolkata,2024-05-01,30.3,65.2,17.3,89,7056015
Kolkata,2024-06-01,18.8,32,19,57,7063777
Kolkata,2024-07-01,19.6,38.9,24.5,63,7077198
Kolkata,2024-08-01,21.4,47,19.8,67,7118953
Kolkata,2024-09-01,28.5,54.2,15,81,7155260
Kolkata,2024-10-01,44.5,88.3,20.1,126,7190321
Kolkata,2024-11-01,51.7,105.6,23.2,147,7224116
Kolkata,2024-12-01,48.8,80.6,15.3,130,7252290
Kolkata,2025-01-01,62.7,142.4,28.1,182,7276948
Kolkata,2025-02-01,63.3,127.2,28,179,7301690
Kolkata,2025-03-01,47.2,94.9,15.2,131,7331627
Kolkata,2025-04-01,37.6,80.2,26.6,113,7355821
Kolkata,2025-05-01,27.4,62,26.1,87,7366119
Kolkata,2025-06-01,23.5,38.5,25.2,72,7402213
Kolkata,2025-07-01,18.9,40.6,25.2,63,7436263
Kolkata,2025-08-01,21.2,36.2,21.1,64,7458572
Kolkata,2025-09-01,26.8,54.2,20.2,80,7487660
Kolkata,2025-10-01,42.2,100.4,17.5,123,7496645
Kolkata,2025-11-01,51.6,90,21.2,142,7507890
Kolkata,2025-12-01,67,146.8,18.8,188,7546931
Chennai,2019-01-01,115.6,202,31.5,309,5095962
Chennai,2019-02-01,117.5,239.8,28.7,322,5115836
Chennai,2019-03-01,105.7,209.7,33.9,292,5144996
Chennai,2019-04-01,70.3,132.1,47,205,5172779
Chennai,2019-05-01,63,123.9,50.4,189,5197608
Chennai,2019-06-01,44.1,99,43.4,140,5228274
Chennai,2019-07-01,32.9,55.7,48.3,107,5236639
Chennai,2019-08-01,43.6,81.3,51.9,138,5250254
Chennai,2019-09-01,119.2,258.6,52.1,343,5271255
Chennai,2019-10-01,70.7,151.1,48.9,212,5286542
Chennai,2019-11-01,89.7,194.7,51,264,5299758
Chennai,2019-12-01,97.8,221.9,35.5,280,5319897
Chennai,2020-01-01,103.5,198.1,36.3,286,5328941
Chennai,2020-02-01,98.7,190.1,30.6,271,5342796
Chennai,2020-03-01,83.4,177.2,37,239,5374318
Chennai,2020-04-01,65.6,110.9,42.3,187,5396353
Chennai,2020-05-01,57.7,100.9,30.8,162,5428731
Chennai,2020-06-01,53.7,101.4,30.8,154,5459132
Chennai,2020-07-01,32,59.1,33.2,99,5474963
Chennai,2020-08-01,39.6,86.4,44.3,128,5482080
Chennai,2020-09-01,49.4,99.5,45.5,152,5511683
Chennai,2020-10-01,78.1,141.4,47.9,224,5527667
Chennai,2020-11-01,87.3,157.9,52,249,5555858
Chennai,2020-12-01,128.6,215.2,50.1,349,5561969
Chennai,2021-01-01,109.6,212.6,41.7,305,5574205
Chennai,2021-02-01,110.2,202.2,48.4,307,5599846
Chennai,2021-03-01,111.5,225.4,31.3,307,5606566
Chennai,2021-04-01,76,159.9,42,222,5639084
Chennai,2021-05-01,63,122.3,45.9,186,5653182
Chennai,2021-06-01,44.8,80.5,34.4,132,5663358
Chennai,2021-07-01,32.8,76.7,46.6,112,5687710
Chennai,2021-08-01,36,74.5,36,113,5720130
Chennai,2021-09-01,49.4,116.4,42.2,155,5727566
Chennai,2021-10-01,83.1,190,32.5,240,5755631
Chennai,2021-11-01,91.9,168.1,30.7,251,5771171
Chennai,2021-12-01,124.9,260.8,53.5,356,5800604
Chennai,2022-01-01,132.6,308.7,42.5,380,5813365
Chennai,2022-02-01,99.6,199.2,39.6,280,5845339
Chennai,2022-03-01,104.5,197.6,44.6,292,5866382
Chennai,2022-04-01,77.9,176.4,34.1,226,5882221
Chennai,2022-05-01,57,99.7,27.7,159,5904573
Chennai,2022-06-01,44.5,73.4,40.6,132,5924058
Chennai,2022-07-01,64.1,137.7,52,196,5952493
Chennai,2022-08-01,45.7,86.9,46,141,5985232
Chennai,2022-09-01,52.9,99.3,43.6,158,6016954
Chennai,2022-10-01,73.7,155.2,27.8,209,6025378
Chennai,2022-11-01,87.6,206.4,45.5,260,6039236
Chennai,2022-12-01,111,254.3,51,324,6048295
Chennai,2023-01-01,114,242.7,51.2,327,6073698
Chennai,2023-02-01,121.7,239.9,41.8,338,6097385
Chennai,2023-03-01,104.5,218.2,34.6,293,6106531
Chennai,2023-04-01,86.9,180.1,51.2,254,6115080
Chennai,2023-05-01,61.9,110.1,42.7,179,6148713
Chennai,2023-06-01,66.4,151.9,35.7,196,6162855
Chennai,2023-07-01,30.7,52.9,40.7,98,6175181
Chennai,2023-08-01,43.5,98.6,49.6,142,6208527
Chennai,2023-09-01,59.8,96.3,42.7,171,6241432
Chennai,2023-10-01,73.8,157.2,50.8,221,6273887
Chennai,2023-11-01,82.2,154,39.7,231,6298355
Chennai,2023-12-01,95,179.8,42.7,267,6321659
Chennai,2024-01-01,99.3,185.9,47.2,279,6341888
Chennai,2024-02-01,111.9,205.2,49.1,311,6353303
Chennai,2024-03-01,101.5,201.1,41.7,285,6370457
Chennai,2024-04-01,67.3,118.3,27.5,185,6390842
Chennai,2024-05-01,53.5,106.7,49.9,164,6417684
Chennai,2024-06-01,43.4,74.7,31,125,6430519
Chennai,2024-07-01,30.2,71.6,48.7,106,6457527
Chennai,2024-08-01,43.7,100.2,37.5,136,6486586
Chennai,2024-09-01,59.9,120.6,49.4,181,6511235
Chennai,2024-10-01,84.1,137.2,39.2,230,6543791
Chennai,2024-11-01,84.2,185.4,52.7,251,6555570
Chennai,2024-12-01,117.4,201.3,52.4,323,6564092
Chennai,2025-01-01,134.5,237.6,45,365,6584441
Chennai,2025-02-01,94.5,185.3,37.2,264,6623289
Chennai,2025-03-01,105.5,174.9,46,288,6647795
Chennai,2025-04-01,67.6,142,30.9,194,6657767
Chennai,2025-05-01,57.3,100.8,30.8,161,6680403
Chennai,2025-06-01,33.2,53.6,39.8,103,6713137
Chennai,2025-07-01,31.2,71.6,49.6,109,6744689
Chennai,2025-08-01,45.6,77.4,40.3,135,6752108
Chennai,2025-09-01,50.2,109.1,33.2,150,6790595
Chennai,2025-10-01,72.6,123,48.3,207,6819795
Chennai,2025-11-01,105.6,203.7,44.1,296,6853212
Chennai,2025-12-01,99.4,160.5,48.1,273,6879254
Bengaluru,2019-01-01,106.5,214.6,35.3,296,4770696
Bengaluru,2019-02-01,106.8,234.7,32.2,301,4786916
Bengaluru,2019-03-01,90.2,202,42.7,263,4804628
Bengaluru,2019-04-01,55.8,102.3,28.1,157,4825768
Bengaluru,2019-05-01,45.3,91.4,24.3,131,4854240
Bengaluru,2019-06-01,33.4,61.1,42.3,107,4866376
Bengaluru,2019-07-01,32.9,67.1,41.8,107,4878055
Bengaluru,2019-08-01,40,74.1,43,124,4906348
Bengaluru,2019-09-01,54.1,126.2,33.4,163,4920576
Bengaluru,2019-10-01,57.5,93.1,37.5,163,4936322
Bengaluru,2019-11-01,93.7,158.7,27.3,250,4948663
Bengaluru,2019-12-01,104.4,202.6,34,288,4966973
Bengaluru,2020-01-01,91.6,211,29,261,4981874
Bengaluru,2020-02-01,104.3,205.1,44.4,294,4999809
Bengaluru,2020-03-01,73.6,148.9,27,206,5009309
Bengaluru,2020-04-01,63.5,138.3,42,190,5030348
Bengaluru,2020-05-01,51.3,121.1,34.7,156,5052985
Bengaluru,2020-06-01,40,64.2,27,114,5075218
Bengaluru,2020-07-01,34.1,59.8,41.6,107,5082831
Bengaluru,2020-08-01,38.2,83.1,30.2,117,5104179
Bengaluru,2020-09-01,41.7,93.7,36.7,130,5120002
Bengaluru,2020-10-01,64.2,124.5,28.8,181,5133314
Bengaluru,2020-11-01,90,199.2,29.6,255,5147687
Bengaluru,2020-12-01,90.7,206.3,31.9,260,5171881
Bengaluru,2021-01-01,99.7,184.8,29.7,271,5193603
Bengaluru,2021-02-01,103.9,247.3,29.2,297,5209703
Bengaluru,2021-03-01,81.4,160,43.1,233,5224811
Bengaluru,2021-04-01,73.3,125.5,44.6,208,5241530
Bengaluru,2021-05-01,43.7,84.9,42.5,135,5247296
Bengaluru,2021-06-01,32.7,54.1,41,103,5275107
Bengaluru,2021-07-01,27.2,50,45.2,92,5287240
Bengaluru,2021-08-01,59.2,112.2,28.8,167,5301516
Bengaluru,2021-09-01,49,115.7,24.1,145,5322192
Bengaluru,2021-10-01,76.6,147.4,33.7,215,5350400
Bengaluru,2021-11-01,86.8,202.2,32.6,251,5358961
Bengaluru,2021-12-01,111.5,228.4,38.8,312,5383612
Bengaluru,2022-01-01,94.6,171,45.5,265,5394918
Bengaluru,2022-02-01,92.5,198.2,29.8,260,5425669
Bengaluru,2022-03-01,87.3,144.1,37.7,238,5433265
Bengaluru,2022-04-01,60.4,126.8,28,173,5453911
Bengaluru,2022-05-01,52,114.3,29.3,153,5461546
Bengaluru,2022-06-01,32.5,62.5,41.2,105,5489400
Bengaluru,2022-07-01,25.2,46.8,24.7,77,5521787
Bengaluru,2022-08-01,29.6,55.3,29.8,91,5548844
Bengaluru,2022-09-01,56.2,105.1,29.3,159,5575478
Bengaluru,2022-10-01,75.4,147.2,26,209,5582169
Bengaluru,2022-11-01,86.9,179.6,29,243,5597799
Bengaluru,2022-12-01,105.9,213.5,33.1,293,5615712
Bengaluru,2023-01-01,95.5,181.7,42.7,268,5634244
Bengaluru,2023-02-01,91.1,209.6,46.8,269,5662979
Bengaluru,2023-03-01,94.7,213.5,41,274,5696391
Bengaluru,2023-04-01,71.3,127.1,33,198,5726012
Bengaluru,2023-05-01,46.3,106.1,35.7,142,5755215
Bengaluru,2023-06-01,35.6,70.7,27.9,107,5786293
Bengaluru,2023-07-01,31,71.7,39,103,5793237
Bengaluru,2023-08-01,34.1,64.1,30.4,103,5819886
Bengaluru,2023-09-01,41.1,83.2,40.7,128,5847239
Bengaluru,2023-10-01,75.6,159.5,41.7,221,5861857
Bengaluru,2023-11-01,90.6,201.1,43,264,5872408
Bengaluru,2023-12-01,98.9,173.6,41.1,272,5899421
Bengaluru,2024-01-01,89.7,213.4,25.4,256,5932458
Bengaluru,2024-02-01,111.5,192.3,24.5,295,5943136
Bengaluru,2024-03-01,88.6,185.5,42.1,255,5962748
Bengaluru,2024-04-01,60.5,120.3,37.3,176,5976462
Bengaluru,2024-05-01,49,95,47.6,151,5983036
Bengaluru,2024-06-01,34.6,76.4,31.9,108,6013549
Bengaluru,2024-07-01,32.3,76.8,42.8,109,6021968
Bengaluru,2024-08-01,31.1,65.5,29.6,97,6046658
Bengaluru,2024-09-01,52.3,94.5,44.8,156,6061775
Bengaluru,2024-10-01,65.7,129.8,46.3,194,6078142
Bengaluru,2024-11-01,93.8,186.9,30,260,6114003
Bengaluru,2024-12-01,99.5,224.4,46.3,290,6137236
Bengaluru,2025-01-01,97.6,180,43.9,272,6144601
Bengaluru,2025-02-01,83.1,140.5,42.6,231,6176553
Bengaluru,2025-03-01,96.4,188.5,31.7,266,6188288
Bengaluru,2025-04-01,58.4,97.9,29,162,6212422
Bengaluru,2025-05-01,44.5,94,32.8,134,6237893
Bengaluru,2025-06-01,69.7,118.6,33.7,193,6270330
Bengaluru,2025-07-01,28.6,67.7,35.1,95,6297919
Bengaluru,2025-08-01,40.2,69.8,38.7,121,6311145
Bengaluru,2025-09-01,51.9,85.8,42.4,152,6328816
Bengaluru,2025-10-01,71.4,164.9,30.5,208,6354764
Bengaluru,2025-11-01,92.1,155.8,26.3,246,6367474
Bengaluru,2025-12-01,98,212.5,36,278,6388487
Hyderabad,2019-01-01,94.1,156.6,33.6,254,2047183
Hyderabad,2019-02-01,89.9,180.7,25.3,247,2055576
Hyderabad,2019-03-01,84.9,162,38.7,239,2059893
Hyderabad,2019-04-01,59.2,109.8,33.7,169,2066279
Hyderabad,2019-05-01,44.1,96.9,36.4,136,2074544
Hyderabad,2019-06-01,34.7,64.7,39.7,109,2083879
Hyderabad,2019-07-01,32.6,67.8,29.8,101,2090131
Hyderabad,2019-08-01,28.9,63.7,40.9,97,2099328
Hyderabad,2019-09-01,50.8,86.3,24.9,141,2106886
Hyderabad,2019-10-01,55.1,119.9,34.9,164,2111943
Hyderabad,2019-11-01,69.4,114.8,32.7,191,2115322
Hyderabad,2019-12-01,101.5,219.8,30.7,285,2119341
Hyderabad,2020-01-01,98,170.7,28,263,2126547
Hyderabad,2020-02-01,90.2,164.7,29.1,245,2131225
Hyderabad,2020-03-01,72.5,160.5,36.1,212,2139963
Hyderabad,2020-04-01,57.6,134.8,31.1,171,2150235
Hyderabad,2020-05-01,38.6,81.8,28.2,116,2158191
Hyderabad,2020-06-01,33.2,57.3,42.9,106,2168119
Hyderabad,2020-07-01,30,56,31.2,93,2179176
Hyderabad,2020-08-01,28.1,51.8,40,92,2183970
Hyderabad,2020-09-01,51.6,101.2,42.9,156,2190740
Hyderabad,2020-10-01,69.6,146.5,43.3,205,2201475
Hyderabad,2020-11-01,69,145.5,31.5,198,2212262
Hyderabad,2020-12-01,103.5,203.6,36.9,288,2219784
Hyderabad,2021-01-01,86.5,189.9,38.1,250,2225333
Hyderabad,2021-02-01,81.8,146.2,41,229,2238685
Hyderabad,2021-03-01,85.6,182.6,22.9,238,2243610
Hyderabad,2021-04-01,105.4,217.6,28.6,291,2253258
Hyderabad,2021-05-01,64.6,118.1,38.8,185,2264750
Hyderabad,2021-06-01,31.1,66,44.7,105,2275847
Hyderabad,2021-07-01,25.6,50.3,31.3,82,2286543
Hyderabad,2021-08-01,35.2,63.2,33.2,107,2295461
Hyderabad,2021-09-01,51.7,96,36.1,151,2306020
Hyderabad,2021-10-01,64.8,154.7,37,195,2309479
Hyderabad,2021-11-01,69.3,129.7,38.7,198,2312481
Hyderabad,2021-12-01,88,161.7,33.7,242,2321731
Hyderabad,2022-01-01,90.6,168,25.8,246,2333107
Hyderabad,2022-02-01,102.3,217.3,37.6,289,2342673
Hyderabad,2022-03-01,89.4,161.1,37.8,247,2352981
Hyderabad,2022-04-01,63.4,150.2,37.8,191,2363805
Hyderabad,2022-05-01,43.6,100,26.8,131,2377751
Hyderabad,2022-06-01,33.7,63.7,40.3,107,2391542
Hyderabad,2022-07-01,25.5,57.8,26.4,82,2405891
Hyderabad,2022-08-01,29.1,68.6,24.7,91,2412146
Hyderabad,2022-09-01,49.8,102.7,33.6,148,2419624
Hyderabad,2022-10-01,70.1,164.4,36.7,208,2433658
Hyderabad,2022-11-01,81.1,181.5,27.3,231,2447530
Hyderabad,2022-12-01,102.3,186.9,31.4,278,2457075
Hyderabad,2023-01-01,92.5,150.8,36.6,250,2471080
Hyderabad,2023-02-01,94.3,184.3,44.3,267,2473798
Hyderabad,2023-03-01,80.1,132.3,29.3,216,2484188
Hyderabad,2023-04-01,61.3,123.1,22.8,171,2496609
Hyderabad,2023-05-01,43,84.6,41.3,132,2507095
Hyderabad,2023-06-01,28.1,66.6,31.2,92,2513864
Hyderabad,2023-07-01,26.4,50.8,33.8,85,2520651
Hyderabad,2023-08-01,27.6,65.5,40.2,95,2526953
Hyderabad,2023-09-01,49.6,101.6,40.6,151,2530238
Hyderabad,2023-10-01,53.9,126.7,28,160,2537829
Hyderabad,2023-11-01,78.5,177.5,37,229,2544427
Hyderabad,2023-12-01,103.8,196.4,28.5,282,2549007
Hyderabad,2024-01-01,95.6,187.2,27.7,262,2556909
Hyderabad,2024-02-01,91.3,217.1,33.9,265,2565347
Hyderabad,2024-03-01,92.2,206.6,42.5,268,2580226
Hyderabad,2024-04-01,62.7,118.7,35.9,180,2584354
Hyderabad,2024-05-01,49.6,91.6,27.5,141,2599602
Hyderabad,2024-06-01,33.4,67,24.9,100,2604541
Hyderabad,2024-07-01,27.4,46.8,39,89,2619387
Hyderabad,2024-08-01,31.3,54.2,31.3,95,2627769
Hyderabad,2024-09-01,47.1,91.7,43.1,144,2635652
Hyderabad,2024-10-01,64.4,132.8,32.7,186,2640396
Hyderabad,2024-11-01,68.5,147.2,25.9,195,2652278
Hyderabad,2024-12-01,103.2,223,29.7,289,2660235
Hyderabad,2025-01-01,111.8,257.5,36.6,320,2666620
Hyderabad,2025-02-01,84.1,136,40.9,231,2674353
Hyderabad,2025-03-01,88.4,141.9,40.4,241,2689329
Hyderabad,2025-04-01,66.1,158,32,196,2700086
Hyderabad,2025-05-01,51,93.3,24.7,143,2704406
Hyderabad,2025-06-01,37.8,63.5,33.9,112,2716305
Hyderabad,2025-07-01,23.9,44.2,36.1,79,2727170
Hyderabad,2025-08-01,37.4,88.1,25.5,114,2737533
Hyderabad,2025-09-01,49.6,86.8,44.6,148,2740818
Hyderabad,2025-10-01,67.3,140.1,43.6,199,2744381
Hyderabad,2025-11-01,86.3,178.6,31.4,243,2749321
Hyderabad,2025-12-01,92.9,156.6,28.4,248,2762243
Ahmedabad,2019-01-01,112.3,264.3,28.7,319,1730522
Ahmedabad,2019-02-01,98,189,33.7,271,1735887
Ahmedabad,2019-03-01,83.2,157.1,25.6,227,1745955
Ahmedabad,2019-04-01,79.9,176.2,46.1,236,1750844
Ahmedabad,2019-05-01,50.1,87.4,50.2,152,1759948
Ahmedabad,2019-06-01,41.6,67.1,38.1,123,1762588
Ahmedabad,2019-07-01,33.5,64,25.4,99,1770520
Ahmedabad,2019-08-01,36.3,72.9,27.3,108,1775477
Ahmedabad,2019-09-01,49,92.8,44.2,149,1777785
Ahmedabad,2019-10-01,65.6,109.5,44.1,187,1783118
Ahmedabad,2019-11-01,95.4,175.4,28.4,259,1789894
Ahmedabad,2019-12-01,112.6,182.6,33.3,299,1794548
Ahmedabad,2020-01-01,92.5,208.9,31.3,264,1799752
Ahmedabad,2020-02-01,89.7,150.9,34.4,243,1805511
Ahmedabad,2020-03-01,94.9,210.9,47.5,277,1808941
Ahmedabad,2020-04-01,69.3,155.6,46.4,209,1819252
Ahmedabad,2020-05-01,51.8,103.8,44.3,157,1826529
Ahmedabad,2020-06-01,42.3,93.7,26,126,1828903
Ahmedabad,2020-07-01,32.3,61,41.6,104,1833841
Ahmedabad,2020-08-01,32.1,59.1,25.6,95,1836775
Ahmedabad,2020-09-01,52.9,117.3,38.8,161,1842102
Ahmedabad,2020-10-01,71.6,121.5,43.3,202,1846523
Ahmedabad,2020-11-01,90.4,179,47.2,259,1849477
Ahmedabad,2020-12-01,96.8,156.9,36.5,261,1857060
Ahmedabad,2021-01-01,118.3,244.1,39.3,331,1863560
Ahmedabad,2021-02-01,107.6,200.6,28,291,1873996
Ahmedabad,2021-03-01,88.9,203.1,31.6,255,1882804
Ahmedabad,2021-04-01,78.6,149.3,33.9,220,1890335
Ahmedabad,2021-05-01,46.5,86.8,36.3,138,1895250
Ahmedabad,2021-06-01,42.7,100.2,29.6,130,1904347
Ahmedabad,2021-07-01,29.5,67.7,34.9,97,1906823
Ahmedabad,2021-08-01,40.1,85.4,33.5,123,1917120
Ahmedabad,2021-09-01,48,83.1,48.9,146,1925364
Ahmedabad,2021-10-01,70.8,136.4,48.3,207,1934221
Ahmedabad,2021-11-01,78.1,157.2,28.9,219,1939057
Ahmedabad,2021-12-01,88.9,212.5,29.3,256,1950691
Ahmedabad,2022-01-01,123.7,269.7,26.4,342,1957518
Ahmedabad,2022-02-01,116.1,276.6,41.4,336,1960650
Ahmedabad,2022-03-01,80.6,165.6,26.7,225,1965552
Ahmedabad,2022-04-01,80.2,188.3,29,232,1971645
Ahmedabad,2022-05-01,56.7,113.8,41.6,169,1975785
Ahmedabad,2022-06-01,36,60.7,29.2,105,1985269
Ahmedabad,2022-07-01,35.8,79.3,28.5,110,1987651
Ahmedabad,2022-08-01,32.1,70.8,34.7,103,1992421
Ahmedabad,2022-09-01,52.2,121,25.4,154,2002782
Ahmedabad,2022-10-01,66.4,154.7,31.6,195,2009591
Ahmedabad,2022-11-01,90.3,213.8,37.3,264,2015419
Ahmedabad,2022-12-01,189.3,370.5,35.9,500,2024287
Ahmedabad,2023-01-01,103.5,206,30.5,285,2034408
Ahmedabad,2023-02-01,118.1,228.3,30,321,2039494
Ahmedabad,2023-03-01,88.1,194.2,43,256,2051323
Ahmedabad,2023-04-01,77.4,153.8,43.2,223,2062195
Ahmedabad,2023-05-01,50.8,83.5,37.7,146,2070650
Ahmedabad,2023-06-01,37.3,82.7,34.4,117,2077690
Ahmedabad,2023-07-01,31.6,57.2,37,99,2087247
Ahmedabad,2023-08-01,36.2,68.5,48.9,118,2089543
Ahmedabad,2023-09-01,43.8,84.8,38.7,133,2101662
Ahmedabad,2023-10-01,75.4,163.5,48.6,225,2111330
Ahmedabad,2023-11-01,89.9,187,36.7,255,2118509
Ahmedabad,2023-12-01,91.1,206.2,29.3,259,2124229
Ahmedabad,2024-01-01,100,163.1,41.3,271,2129540
Ahmedabad,2024-02-01,88.3,199.1,36.4,255,2135290
Ahmedabad,2024-03-01,98.3,217,48.9,287,2142977
Ahmedabad,2024-04-01,61.4,121.5,27.9,174,2151978
Ahmedabad,2024-05-01,48,77.3,35,138,2164244
Ahmedabad,2024-06-01,41.4,89.9,45.5,133,2166841
Ahmedabad,2024-07-01,30,55.2,38.2,96,2171825
Ahmedabad,2024-08-01,33.9,62.5,37,105,2178558
Ahmedabad,2024-09-01,55.3,108.3,26.9,157,2184658
Ahmedabad,2024-10-01,64.1,131.5,34.8,186,2193834
Ahmedabad,2024-11-01,82.9,187,44.8,245,2202609
Ahmedabad,2024-12-01,89.2,147,35.6,242,2210759
Ahmedabad,2025-01-01,92.1,191.8,50.3,268,2214959
Ahmedabad,2025-02-01,95.4,205.9,49.1,278,2224040
Ahmedabad,2025-03-01,91.9,184.9,37.5,259,2226486
Ahmedabad,2025-04-01,60.1,135.4,38.8,180,2234056
Ahmedabad,2025-05-01,47.7,101.5,43.1,148,2236960
Ahmedabad,2025-06-01,36.7,71.8,44.3,118,2249934
Ahmedabad,2025-07-01,34.1,65,26.4,101,2260284
Ahmedabad,2025-08-01,32.8,65.1,43.5,107,2265709
Ahmedabad,2025-09-01,56.7,91.6,30.8,157,2270694
Ahmedabad,2025-10-01,59.2,115.6,28.2,168,2274554
Ahmedabad,2025-11-01,90.4,163.1,29.5,246,2285017
Ahmedabad,2025-12-01,95.4,203.2,30.1,268,2293929
Pune,2019-01-01,97.8,188.5,40.7,274,5298326
Pune,2019-02-01,85.5,167.8,37.2,241,5313161
Pune,2019-03-01,73.8,176.2,30.5,216,5334414
Pune,2019-04-01,61.3,99.4,29.4,168,5355752
Pune,2019-05-01,43.5,87.3,41.7,135,5380388
Pune,2019-06-01,31.9,51.5,36.5,98,5405676
Pune,2019-07-01,32.6,58.6,36.9,102,5429461
Pune,2019-08-01,34.7,80,37,112,5450636
Pune,2019-09-01,47.5,81.6,41.9,141,5468078
Pune,2019-10-01,72.4,124.8,29.9,198,5486669
Pune,2019-11-01,79.1,129.7,39.6,218,5510262
Pune,2019-12-01,88.6,154.2,41.9,246,5523487
Pune,2020-01-01,92.7,180,25.5,253,5529563
Pune,2020-02-01,88.8,209.6,36.5,259,5545046
Pune,2020-03-01,88,153.7,26.8,237,5574435
Pune,2020-04-01,68.8,122,28.1,189,5585026
Pune,2020-05-01,47.3,111.2,32,144,5598430
Pune,2020-06-01,38.7,64.5,42.1,119,5620264
Pune,2020-07-01,26.8,54.2,43.8,92,5645555
Pune,2020-08-01,33.2,56.9,28.6,98,5651201
Pune,2020-09-01,44.7,76.8,23.1,125,5663069
Pune,2020-10-01,55.1,122.2,31.5,163,5669865
Pune,2020-11-01,86,197.4,24,244,5680638
Pune,2020-12-01,87.3,192.7,29.6,248,5689159
Pune,2021-01-01,83.3,161.6,34.6,233,5708502
Pune,2021-02-01,103.6,208.6,23.4,283,5740470
Pune,2021-03-01,88,169.9,34.8,245,5748507
Pune,2021-04-01,64.8,139.3,33.9,189,5776675
Pune,2021-05-01,48.6,81.1,28.7,137,5803248
Pune,2021-06-01,32.3,72.4,35.4,104,5836907
Pune,2021-07-01,24.2,48.1,35.2,81,5869594
Pune,2021-08-01,30.9,54.5,27.9,93,5889551
Pune,2021-09-01,49.7,94.8,45,151,5903686
Pune,2021-10-01,62.1,107.6,42.5,179,5914313
Pune,2021-11-01,79.5,159.9,26.6,221,5929099
Pune,2021-12-01,106.3,176.4,41.8,288,5949851
Pune,2022-01-01,96,229.3,28.9,276,5975435
Pune,2022-02-01,103,211.3,40.8,291,5999337
Pune,2022-03-01,94.7,206.2,30,267,6017335
Pune,2022-04-01,61.6,146.3,32.5,183,6052236
Pune,2022-05-01,39.4,89.3,29.7,121,6063735
Pune,2022-06-01,28.2,56.4,43.4,95,6087384
Pune,2022-07-01,32,51.6,45.6,103,6108690
Pune,2022-08-01,31.1,73.4,27.4,98,6136790
Pune,2022-09-01,44.6,105.8,32,137,6170542
Pune,2022-10-01,53.6,127.3,23.1,157,6190288
Pune,2022-11-01,74.7,162.5,43.7,221,6197097
Pune,2022-12-01,89.2,206.6,43.3,262,6231181
Pune,2023-01-01,104.1,204.8,32.1,287,6260468
Pune,2023-02-01,105.4,173.6,34.6,282,6294901
Pune,2023-03-01,70.4,119,43.7,199,6326376
Pune,2023-04-01,70.2,114.3,39.3,196,6345988
Pune,2023-05-01,40.9,94.5,42.3,132,6360584
Pune,2023-06-01,33.1,76.4,32.8,106,6393023
Pune,2023-07-01,32.6,69.4,34.9,104,6424988
Pune,2023-08-01,35.2,75.9,37,112,6448118
Pune,2023-09-01,51.8,119.5,32.4,156,6471976
Pune,2023-10-01,65,130.7,26.7,183,6479742
Pune,2023-11-01,84.3,192.6,25.1,239,6490110
Pune,2023-12-01,104.2,171.2,41.8,282,6504388
Pune,2024-01-01,109.9,234.8,24.9,303,6527153
Pune,2024-02-01,83.6,199.1,24.3,239,6561747
Pune,2024-03-01,77.6,160.9,26.2,217,6568965
Pune,2024-04-01,72.3,119.5,29.4,196,6576848
Pune,2024-05-01,43.9,82.4,23.3,125,6616309
Pune,2024-06-01,38.5,88.4,33.4,120,6634173
Pune,2024-07-01,26.7,47.6,44.6,90,6647441
Pune,2024-08-01,31.5,73.4,31.7,101,6654753
Pune,2024-09-01,39,72,31.2,116,6662073
Pune,2024-10-01,57.1,131,46,177,6691386
Pune,2024-11-01,86.8,168.1,40.8,245,6724843
Pune,2024-12-01,91.8,147.2,26.5,243,6745690
Pune,2025-01-01,97.5,210.9,43.4,281,6763229
Pune,2025-02-01,86.2,197.5,26.7,245,6795692
Pune,2025-03-01,76.5,164.3,28,217,6818797
Pune,2025-04-01,96.4,174.5,25.3,259,6852209
Pune,2025-05-01,41.1,81.6,26.6,120,6885100
Pune,2025-06-01,37.5,86.3,43.4,123,6911952
Pune,2025-07-01,25.2,57.2,23.8,79,6947894
Pune,2025-08-01,36.4,69.6,28.4,108,6972212
Pune,2025-09-01,46.4,87.9,26.4,133,7006376
Pune,2025-10-01,55.1,125.8,41.7,169,7045612
Pune,2025-11-01,72.7,144.5,25.9,202,7072385
Pune,2025-12-01,104.3,212.7,43.3,295,7098553
Jaipur,2019-01-01,114.6,198,29.2,305,4537550
Jaipur,2019-02-01,102.8,228.6,40.3,295,4545718
Jaipur,2019-03-01,86.7,182.6,32.7,245,4566174
Jaipur,2019-04-01,65.9,154.3,49.3,203,4583069
Jaipur,2019-05-01,48.9,103.8,50.5,155,4597277
Jaipur,2019-06-01,31.4,69,36.4,102,4605092
Jaipur,2019-07-01,33.2,70.9,49.5,113,4628117
Jaipur,2019-08-01,33.1,55,27.5,97,4645704
Jaipur,2019-09-01,45.3,102.4,43.3,143,4657318
Jaipur,2019-10-01,65.2,152.9,26.6,190,4682468
Jaipur,2019-11-01,88.8,161,29.3,242,4707285
Jaipur,2019-12-01,119.6,232,35.6,328,4722819
Jaipur,2020-01-01,97.3,177.1,51.3,275,4734626
Jaipur,2020-02-01,89.6,185.8,43.5,257,4745042
Jaipur,2020-03-01,101,230.9,42.2,293,4770665
Jaipur,2020-04-01,62.6,104.3,35.3,175,4789271
Jaipur,2020-05-01,54.3,122.2,26.7,159,4813217
Jaipur,2020-06-01,43,88.6,47.8,137,4821881
Jaipur,2020-07-01,26.9,45.5,39.8,88,4827667
Jaipur,2020-08-01,32,70.5,30.4,101,4837322
Jaipur,2020-09-01,46.8,107.4,51,152,4861025
Jaipur,2020-10-01,69.4,143.3,47.9,206,4878525
Jaipur,2020-11-01,89.5,160.8,48.2,253,4884379
Jaipur,2020-12-01,89.9,161.1,28.5,244,4894636
Jaipur,2021-01-01,119.2,220.4,49.6,331,4903936
Jaipur,2021-02-01,97.7,225.5,35.1,281,4919138
Jaipur,2021-03-01,79,183.5,26.6,227,4934387
Jaipur,2021-04-01,72,161,42.6,214,4957579
Jaipur,2021-05-01,49.6,81.7,46.4,148,4975426
Jaipur,2021-06-01,31.7,71.5,26.2,98,4995825
Jaipur,2021-07-01,36.8,78.7,37.7,116,5003818
Jaipur,2021-08-01,41.8,84.4,48.2,133,5013826
Jaipur,2021-09-01,44.1,80,40.1,133,5040901
Jaipur,2021-10-01,61.3,131.3,41.8,183,5060561
Jaipur,2021-11-01,84.2,151.6,37.6,234,5088394
Jaipur,2021-12-01,116.9,202.8,38.3,316,5110783
Jaipur,2022-01-01,121.8,253.2,34,338,5130715
Jaipur,2022-02-01,97.4,204.2,36.8,275,5148673
Jaipur,2022-03-01,94.1,211.3,35.4,270,5177506
Jaipur,2022-04-01,78.9,159.9,41.7,227,5189414
Jaipur,2022-05-01,52.2,97.8,49.5,159,5219513
Jaipur,2022-06-01,42.4,87.7,30.9,127,5250308
Jaipur,2022-07-01,27.1,64.3,51.2,99,5258183
Jaipur,2022-08-01,40.6,93.4,28.2,123,5278690
Jaipur,2022-09-01,53.8,109.1,43.5,163,5297693
Jaipur,2022-10-01,82.5,155,36.1,231,5310937
Jaipur,2022-11-01,77.5,163.2,35.5,222,5333243
Jaipur,2022-12-01,116.5,187.6,45.5,314,5359376
Jaipur,2023-01-01,111.3,244.3,50.1,322,5380814
Jaipur,2023-02-01,111.8,226.6,28.1,307,5389423
Jaipur,2023-03-01,94.2,180.2,30.1,259,5410981
Jaipur,2023-04-01,66.7,132.4,44.4,196,5425591
Jaipur,2023-05-01,49.1,101.1,33.3,146,5458145
Jaipur,2023-06-01,39.3,92.2,28.8,121,5481069
Jaipur,2023-07-01,36.2,78.8,39.2,116,5503541
Jaipur,2023-08-01,33.1,61.2,49.2,110,5523354
Jaipur,2023-09-01,58.4,97.8,50,172,5541029
Jaipur,2023-10-01,62,116.4,30.2,175,5550449
Jaipur,2023-11-01,80.9,186,25.7,231,5582087
Jaipur,2023-12-01,113.9,222.5,40.6,316,5589344
Jaipur,2024-01-01,120.2,221.1,32,324,5619526
Jaipur,2024-02-01,104.5,177,43,285,5631889
Jaipur,2024-03-01,80.3,145.3,28.5,220,5654417
Jaipur,2024-04-01,78.9,179.7,35.2,230,5665726
Jaipur,2024-05-01,53.8,127.3,44.6,168,5698021
Jaipur,2024-06-01,34.5,70.8,39.2,110,5709987
Jaipur,2024-07-01,28.1,47.7,27.4,85,5719123
Jaipur,2024-08-01,36.3,80.1,29.3,111,5750006
Jaipur,2024-09-01,50.7,106.4,33.3,150,5766106
Jaipur,2024-10-01,81.5,175.4,45.1,239,5778791
Jaipur,2024-11-01,84.4,155.7,45,239,5809996
Jaipur,2024-12-01,105.7,203.3,44.9,296,5843694
Jaipur,2025-01-01,119.3,211.4,43.7,326,5849538
Jaipur,2025-02-01,93,205.1,46.9,271,5858312
Jaipur,2025-03-01,102,218.9,39.7,290,5873544
Jaipur,2025-04-01,80.6,180.4,38.2,235,5879418
Jaipur,2025-05-01,52.9,90.2,43.9,156,5904699
Jaipur,2025-06-01,39.5,94.1,30.2,122,5914737
Jaipur,2025-07-01,36.4,83.8,47.8,122,5937213
Jaipur,2025-08-01,41.7,84.6,35.7,127,5945525
Jaipur,2025-09-01,43.6,70.9,44.6,131,5959794
Jaipur,2025-10-01,73,125.8,43.9,207,5993765
Jaipur,2025-11-01,82,141.6,49,232,6014144
Jaipur,2025-12-01,90.9,191.3,50.6,265,6043613
