bridge_id,nh_number,state,span_m,year_built,last_inspection,ibms_rating,traffic_pcu,repair_cost_cr
IBMS-10437,NH-33,Andhra Pradesh,300,1963,2023-06-23,62.1,53897,15.09
IBMS-10120,NH-52,Maharashtra,27.4,1980,2022-12-01,36.2,66455,4.53
IBMS-10090,NH-6,Uttar Pradesh,123.5,1995,2023-11-08,72.6,51689,6.57
IBMS-10213,NH-48,Bihar,835.9,1975,2024-05-18,48.1,30843,129.24
IBMS-10184,NH-27,Gujarat,1089.5,2004,2022-06-05,30.7,81511,208.39
IBMS-10055,NH-16,Madhya Pradesh,53.9,1961,2022-01-18,39,28554,9.87
IBMS-10345,NH-30,Gujarat,474.7,1993,2024-03-22,68.4,52082,31.31
IBMS-10025,NH-27,Gujarat,938.3,1973,2023-05-27,20.4,85619,178.51
IBMS-10088,NH-52,Uttar Pradesh,485.2,1972,2022-02-24,67,53592,45.99
IBMS-10020,NH-6,Karnataka,523.8,1979,2022-10-19,65.8,45262,51.72
IBMS-10061,NH-6,Karnataka,203.9,1960,2023-07-14,72.5,49312,6.35
IBMS-10052,NH-52,Bihar,72.8,1967,2025-06-05,44,64833,7.07
IBMS-10280,NH-16,Maharashtra,81.2,1984,2023-11-27,73.3,94801,5.56
IBMS-10469,NH-33,Jharkhand,851.6,1999,2024-11-13,19.9,63784,82.2
IBMS-10015,NH-6,Madhya Pradesh,577.4,1959,2024-04-03,52.7,26653,73.63
IBMS-10009,NH-6,Uttar Pradesh,965.4,1971,2022-09-16,66.3,56900,60.64
IBMS-10291,NH-6,Bihar,894,1998,2024-02-13,52.9,29972,121.06
IBMS-10344,NH-27,Gujarat,857,1962,2023-03-19,56.5,61896,39.26
IBMS-10371,NH-16,Bihar,123.8,1991,2024-12-07,62.5,45377,15.69
IBMS-10245,NH-27,Rajasthan,461.8,1974,2022-07-06,73.7,56075,27.69
IBMS-10231,NH-66,Assam,1017.6,1983,2024-10-04,66.7,28610,111.35
IBMS-10191,NH-44,Assam,237.7,1994,2024-06-25,57.6,59988,14.41
IBMS-10467,NH-19,Odisha,1175.8,1965,2025-02-14,67.4,16293,77.62
IBMS-10352,NH-16,Punjab,209.6,1974,2025-11-09,19,29733,50.88
IBMS-10138,NH-30,Tamil Nadu,202.4,1994,2023-09-10,36.7,12593,15.73
IBMS-10415,NH-48,Madhya Pradesh,307.8,1981,2024-01-11,48.2,91563,21.41
IBMS-10343,NH-30,Gujarat,187.7,1970,2024-12-14,55,42634,26.45
IBMS-10068,NH-33,Jharkhand,359.5,1965,2025-10-24,51.5,45110,46.59
IBMS-10110,NH-6,Assam,251.9,1988,2023-10-11,20.2,30870,38.33
IBMS-10211,NH-19,Bihar,605.8,1968,2025-04-21,66,73405,66.2
IBMS-10220,NH-6,Karnataka,435.2,1998,2024-10-21,44.4,43156,69.32
IBMS-10097,NH-48,Tamil Nadu,513.6,1994,2024-01-23,71,32563,36.63
IBMS-10167,NH-16,Uttar Pradesh,406.4,1984,2022-11-21,57.4,60475,39.11
IBMS-10144,NH-48,Gujarat,217.2,1975,2024-02-20,64,23734,24.04
IBMS-10409,NH-16,Uttar Pradesh,595.4,1993,2024-06-26,73.8,65567,33.32
IBMS-10396,NH-6,Andhra Pradesh,1128.7,2004,2024-04-16,27.6,62697,271.96
IBMS-10232,NH-33,Punjab,406.4,1984,2022-09-07,20.8,6954,53.95
IBMS-10355,NH-27,Kerala,137.3,1958,2025-02-01,72.6,72879,8.12
IBMS-10272,NH-16,Punjab,1049.5,1995,2022-10-04,35.1,5945,109.93
IBMS-10400,NH-33,Maharashtra,375.9,1968,2022-01-22,22.1,38944,99.39
IBMS-10087,NH-48,Uttar Pradesh,24.6,2001,2022-12-14,45,30342,2.81
IBMS-10035,NH-19,Kerala,833.4,1999,2023-03-15,19.3,70161,77.95
IBMS-10054,NH-44,Madhya Pradesh,353.8,1985,2023-10-18,67.3,97548,14.85
IBMS-10206,NH-48,Rajasthan,115.9,1983,2024-10-02,23.1,55064,22.88
IBMS-10410,NH-48,Uttar Pradesh,191.3,1989,2025-09-03,43.2,55680,23.34
IBMS-10342,NH-16,Karnataka,230.4,1995,2023-10-09,70.6,22621,20.18
IBMS-10294,NH-48,Madhya Pradesh,1167.8,1987,2023-09-07,62,95314,80.14
IBMS-10275,NH-16,Kerala,264.4,1999,2024-03-26,63.5,16513,32.44
IBMS-10256,NH-44,Madhya Pradesh,1133.6,1991,2022-08-21,64.8,53511,91.78
IBMS-10354,NH-44,Kerala,579.1,1981,2022-04-01,66.8,31075,50.26
IBMS-10021,NH-30,Karnataka,701.1,1992,2022-05-19,38.4,18452,88.75
IBMS-10484,NH-66,Rajasthan,675.4,2017,2022-04-23,89.2,8201,23.67
IBMS-10346,NH-33,Odisha,135.8,1970,2024-09-04,38.1,31356,16.58
IBMS-10047,NH-30,Uttar Pradesh,638,2001,2025-08-23,60.2,11473,27.58
IBMS-10306,NH-66,Odisha,104.1,1972,2023-11-23,41.5,87614,16.78
IBMS-10359,NH-30,Uttarakhand,465.9,1965,2025-02-03,25.7,68190,32.89
IBMS-10391,NH-27,Assam,296.6,1992,2024-09-20,64.2,32419,23.17
IBMS-10205,NH-19,Rajasthan,221.3,1980,2022-10-17,20.1,31041,54.64
IBMS-10073,NH-19,Punjab,1076.7,1958,2022-05-01,49.3,12568,116.6
IBMS-10336,NH-52,Madhya Pradesh,23,2004,2022-06-28,56.2,63048,2.8
IBMS-10324,NH-52,Rajasthan,714.4,1997,2024-06-06,19.8,54382,167.64
IBMS-10499,NH-27,Tamil Nadu,930.2,2010,2023-12-05,81.3,59690,35.75
IBMS-10044,NH-16,Rajasthan,903.6,1969,2025-10-28,39.2,84944,106.31
IBMS-10132,NH-44,Bihar,361.6,1968,2022-04-24,53.7,51302,49.59
IBMS-10339,NH-27,Tamil Nadu,868.5,1971,2023-03-23,19.3,6145,194.56
IBMS-10465,NH-66,Gujarat,114.8,1983,2024-10-11,52.3,58663,5.1
IBMS-10098,NH-16,Tamil Nadu,1072.9,1965,2023-03-27,46.9,8727,57.37
IBMS-10159,NH-33,Uttarakhand,670.1,1983,2022-08-19,55.5,48461,83.49
IBMS-10133,NH-66,Bihar,873,1970,2022-10-22,40.4,60800,141.42
IBMS-10486,NH-27,Rajasthan,613.4,2013,2023-02-07,91.6,59690,12.73
IBMS-10279,NH-66,Uttarakhand,677.1,1994,2023-08-17,45.2,55010,88.9
IBMS-10470,NH-66,Assam,43.3,1993,2024-10-08,63.2,79445,5.28
IBMS-10208,NH-66,Uttar Pradesh,618.5,1966,2022-11-03,46.3,96360,70.78
IBMS-10094,NH-27,Madhya Pradesh,139.4,1968,2023-10-09,45.8,21187,18.17
IBMS-10330,NH-66,Uttar Pradesh,1175.4,1984,2022-12-22,57.2,31804,98.45
IBMS-10161,NH-52,Maharashtra,984.3,1990,2023-08-04,69.6,50853,86.42
IBMS-10408,NH-6,Uttar Pradesh,498.7,1979,2023-08-27,51.7,38469,58.17
IBMS-10101,NH-52,Karnataka,1052.5,1986,2022-06-08,49.5,31830,153.18
IBMS-10223,NH-33,Gujarat,880.6,1980,2025-11-09,29.5,48981,93.31
IBMS-10312,NH-16,Punjab,1042.2,2001,2023-12-09,30.4,84227,166.62
IBMS-10003,NH-19,Maharashtra,511.4,2001,2022-05-25,56.5,11028,57.26
IBMS-10482,NH-48,Maharashtra,98.2,1998,2024-07-05,87.2,16075,4.23
IBMS-10302,NH-44,Karnataka,1065,1995,2023-06-01,57.5,57090,49.56
IBMS-10176,NH-27,Madhya Pradesh,566.9,1975,2025-07-17,29.1,56589,66.24
IBMS-10474,NH-30,Kerala,375.3,1998,2022-04-26,80.5,6997,21.95
IBMS-10485,NH-52,Rajasthan,1180.3,2004,2025-10-21,92.6,36354,26.67
IBMS-10288,NH-52,Uttar Pradesh,771.8,2000,2023-06-14,36.3,87112,150.29
IBMS-10250,NH-27,Uttar Pradesh,471.9,1985,2025-10-07,52.1,75949,63.59
IBMS-10348,NH-52,Jharkhand,858.6,1965,2024-07-14,48.5,26162,140.92
IBMS-10458,NH-44,Tamil Nadu,167.9,1980,2022-01-27,38.6,66637,25.69
IBMS-10372,NH-48,Bihar,579,1971,2025-05-24,72.6,5637,38.58
IBMS-10130,NH-44,Uttar Pradesh,222,1960,2025-09-05,65.4,28112,24.54
IBMS-10262,NH-30,Karnataka,905,1996,2023-10-23,37.5,36024,189.94
IBMS-10277,NH-16,Andhra Pradesh,186.5,1967,2022-06-07,31.3,26577,18.25
IBMS-10181,NH-16,Karnataka,543.9,1998,2023-10-19,21.1,74798,50.6
IBMS-10221,NH-16,Karnataka,767.4,1983,2024-11-11,18.6,54960,69.15
IBMS-10153,NH-33,Punjab,530,1991,2022-10-19,45.7,63345,72.21
IBMS-10039,NH-52,Uttarakhand,383,1975,2024-12-26,62.6,60628,26.18
IBMS-10230,NH-66,Assam,522,1987,2024-04-03,51.5,12035,42.2
IBMS-10435,NH-48,Kerala,224.6,2004,2024-01-06,20.1,42231,48.72
IBMS-10439,NH-30,Uttarakhand,323,1958,2022-02-08,18.3,26282,57.61
IBMS-10030,NH-52,Assam,161.4,2000,2025-05-08,69.4,75393,13.56
IBMS-10046,NH-33,Rajasthan,34.9,2002,2023-07-03,52.6,74923,2.26
IBMS-10197,NH-30,Andhra Pradesh,574.9,1980,2022-10-22,27.5,56025,83.9
IBMS-10509,NH-48,Jharkhand,218.5,2017,2022-11-01,88.4,61629,2.61
IBMS-10481,NH-19,Maharashtra,728.6,1998,2023-02-11,85.7,85511,14.48
IBMS-10158,NH-44,Chhattisgarh,1188.4,1975,2024-06-16,59.5,5074,124.51
IBMS-10217,NH-19,Tamil Nadu,173.6,1998,2025-10-04,50.5,45946,17.72
IBMS-10248,NH-33,Uttar Pradesh,444.3,1980,2025-01-15,58.9,52912,27.74
IBMS-10155,NH-30,Kerala,734,1990,2024-09-05,71.4,52015,48.85
IBMS-10031,NH-19,Assam,728.5,2003,2023-12-18,29.3,35829,160.9
IBMS-10151,NH-30,Assam,1231.4,1982,2024-11-18,52.6,8942,196.58
IBMS-10466,NH-33,Odisha,670.4,1984,2022-02-05,33.5,92944,95.36
IBMS-10419,NH-66,Tamil Nadu,296,1975,2023-11-20,33.5,30413,36.97
IBMS-10434,NH-27,Kerala,1125.8,1987,2024-03-02,27.5,84656,87.74
IBMS-10042,NH-6,Maharashtra,1229.4,2000,2024-04-23,66.7,5008,66.65
IBMS-10162,NH-66,Maharashtra,579.1,1971,2025-06-03,71.6,84263,39.77
IBMS-10381,NH-30,Karnataka,125,2002,2022-07-07,51.3,44042,19.18
IBMS-10463,NH-6,Gujarat,897.5,1992,2022-07-14,38.2,64443,78.15
IBMS-10072,NH-27,Punjab,1053.4,1972,2023-05-09,31.4,91788,73.85
IBMS-10483,NH-27,Maharashtra,804.1,2021,2025-06-10,86.8,80466,18.55
IBMS-10326,NH-44,Rajasthan,1051.1,1993,2024-04-17,53.9,77900,99.58
IBMS-10507,NH-30,Odisha,541.7,2000,2025-04-27,81.5,70612,16.19
IBMS-10069,NH-19,Jharkhand,419.1,1982,2022-02-17,30.1,55903,95.94
IBMS-10084,NH-16,Rajasthan,1170.3,1988,2022-12-20,64.8,29288,126.3
IBMS-10403,NH-16,Maharashtra,990.3,1966,2023-11-07,48,93592,81.52
IBMS-10174,NH-6,Madhya Pradesh,998.4,1983,2024-03-14,27.9,30029,150.66
IBMS-10145,NH-48,Gujarat,614.2,1962,2022-08-23,20,18022,158.66
IBMS-10114,NH-19,Kerala,262.1,2001,2024-07-08,22.8,22886,35.15
IBMS-10253,NH-33,Bihar,439.2,1974,2022-05-19,73.6,6707,23.58
IBMS-10418,NH-52,Tamil Nadu,896.5,1986,2024-03-05,56.8,8255,110.42
IBMS-10179,NH-33,Tamil Nadu,122.5,1972,2022-05-13,19.3,64184,14.57
IBMS-10175,NH-6,Madhya Pradesh,675.6,1974,2024-09-17,48.3,8046,48.13
IBMS-10478,NH-44,Chhattisgarh,1039,2004,2022-03-18,76.7,56051,23.24
IBMS-10335,NH-33,Madhya Pradesh,371.4,1981,2025-05-22,33.7,7147,30.93
IBMS-10146,NH-44,Odisha,530.8,2003,2025-02-06,67.7,22752,37.75
IBMS-10309,NH-30,Jharkhand,402.7,1968,2025-12-24,56.1,36871,46.88
IBMS-10340,NH-44,Karnataka,535.6,1981,2023-09-16,21.2,71259,66.09
IBMS-10341,NH-30,Karnataka,557.8,1960,2025-01-16,45.5,66303,38.67
IBMS-10412,NH-30,Bihar,1115.7,1996,2023-01-20,19.9,66885,269.09
IBMS-10438,NH-33,Chhattisgarh,1147.5,1992,2022-02-21,61.2,61733,107.97
IBMS-10498,NH-52,Tamil Nadu,200.8,2015,2024-12-26,79.4,87964,11.26
IBMS-10086,NH-6,Rajasthan,123.7,1968,2023-01-24,74,69440,5.57
IBMS-10147,NH-6,Odisha,21.1,1968,2024-10-17,21.6,9128,5.03
IBMS-10447,NH-19,Uttar Pradesh,529.1,1996,2023-10-07,73.7,15765,34.93
IBMS-10444,NH-66,Rajasthan,1108.9,1969,2025-11-28,25.2,38405,181.24
IBMS-10328,NH-27,Uttar Pradesh,823.7,1983,2025-01-08,51.1,4871,107.22
IBMS-10333,NH-6,Bihar,90.2,1986,2025-07-07,50.8,66998,5.1
IBMS-10083,NH-27,Maharashtra,133.9,2003,2023-05-17,31.8,80037,24.14
IBMS-10105,NH-16,Gujarat,180.1,1986,2022-04-10,50.3,68866,16.95
IBMS-10254,NH-48,Madhya Pradesh,374,1960,2025-04-03,33.2,23946,30.88
IBMS-10378,NH-52,Tamil Nadu,762.4,1989,2023-12-10,26.5,94223,62.76
IBMS-10157,NH-6,Andhra Pradesh,475.4,1971,2023-02-11,59,47888,39.43
IBMS-10356,NH-44,Andhra Pradesh,688,1980,2023-10-06,55.3,41749,41.89
IBMS-10123,NH-27,Maharashtra,456,1969,2023-11-20,36.7,61885,88.27
IBMS-10119,NH-33,Uttarakhand,746.7,1994,2023-10-14,42.9,96212,125.01
IBMS-10296,NH-16,Madhya Pradesh,531.8,1987,2025-08-11,65.8,78339,53.58
IBMS-10320,NH-27,Maharashtra,748.1,2002,2024-01-04,72.9,21374,43.75
IBMS-10078,NH-33,Chhattisgarh,605.8,1968,2022-12-07,49.9,15432,44.95
IBMS-10131,NH-52,Bihar,154.2,1962,2025-03-07,49.8,4048,11.98
IBMS-10271,NH-52,Assam,980.5,1958,2022-05-15,65.6,9043,30.42
IBMS-10265,NH-6,Gujarat,891.9,1979,2023-10-09,21.5,17959,148.15
IBMS-10228,NH-52,Jharkhand,1130.4,1958,2023-03-03,35.3,19201,212.24
IBMS-10108,NH-33,Jharkhand,401.6,1989,2025-11-18,64.7,49706,24.2
IBMS-10299,NH-6,Tamil Nadu,160.7,1964,2023-02-02,31.6,31412,15.73
IBMS-10037,NH-44,Andhra Pradesh,176,1975,2023-06-23,50.6,91651,19.95
IBMS-10512,NH-27,Punjab,132.2,2007,2022-01-09,90.8,35696,2.25
IBMS-10487,NH-44,Uttar Pradesh,59.2,2014,2025-04-06,85,45234,2.23
IBMS-10310,NH-66,Assam,778.3,1981,2025-08-25,44.8,70631,76.86
IBMS-10077,NH-48,Andhra Pradesh,99.5,1976,2025-07-14,59.2,61704,12.3
IBMS-10515,NH-52,Kerala,89.9,1999,2025-06-20,79.6,35294,5.76
IBMS-10074,NH-66,Kerala,489.2,1965,2022-02-16,31.1,13179,44.53
IBMS-10441,NH-16,Maharashtra,362.6,1998,2024-02-25,70,80278,18.25
IBMS-10307,NH-16,Odisha,582.8,1979,2025-07-18,18.5,69146,89.96
IBMS-10004,NH-44,Rajasthan,482.7,1975,2023-03-14,64.3,92005,43.58
IBMS-10493,NH-48,Bihar,624.9,2009,2024-09-12,90.4,38036,16.7
IBMS-10185,NH-27,Gujarat,451.4,1994,2022-12-10,41.5,70698,57.22
IBMS-10368,NH-66,Uttar Pradesh,1161.8,1973,2023-11-15,54.7,11060,66.21
IBMS-10497,NH-48,Tamil Nadu,314.5,2011,2024-06-08,96.3,62139,1.49
IBMS-10170,NH-48,Uttar Pradesh,877.2,2000,2022-11-07,56.4,42168,122.92
IBMS-10198,NH-44,Chhattisgarh,217.4,1966,2025-01-28,65.5,48964,9.82
IBMS-10085,NH-30,Rajasthan,1223.7,1992,2022-12-27,51.6,66495,101.4
IBMS-10186,NH-16,Odisha,881.4,1974,2023-09-15,59.2,4198,37.11
IBMS-10241,NH-19,Maharashtra,148.6,1970,2022-04-03,32.4,81006,18.11
IBMS-10322,NH-33,Maharashtra,836.8,2004,2023-07-08,66,25263,89.11
IBMS-10190,NH-16,Assam,172.7,1999,2025-05-06,57.5,28442,21.73
IBMS-10172,NH-44,Bihar,565.9,1990,2025-01-27,71.8,32832,27.24
IBMS-10388,NH-44,Jharkhand,560.4,1999,2024-09-19,29.8,43832,72.78
IBMS-10286,NH-6,Rajasthan,1021.9,1958,2022-11-22,43.4,52020,163.92
IBMS-10313,NH-16,Punjab,335.2,1993,2025-02-25,19.1,3363,68.99
IBMS-10033,NH-30,Punjab,426.4,1977,2022-05-08,31.1,10174,29.91
IBMS-10178,NH-19,Tamil Nadu,315.9,1988,2022-07-13,19.7,96928,69.1
IBMS-10489,NH-30,Uttar Pradesh,81.9,2010,2024-01-05,81.9,60371,1.39
IBMS-10199,NH-48,Uttarakhand,930.3,1990,2022-11-08,55.3,60789,65.33
IBMS-10242,NH-16,Maharashtra,1132.1,1964,2024-12-22,41.7,41283,180.65
IBMS-10189,NH-52,Jharkhand,1054.9,1966,2025-05-04,54.8,46279,138.51
IBMS-10235,NH-16,Kerala,117.8,2003,2022-12-13,55.3,7075,16.43
IBMS-10304,NH-44,Gujarat,406.5,1964,2022-05-16,66,20720,28.15
IBMS-10421,NH-66,Karnataka,422.5,1974,2023-12-19,69.7,97675,43.18
IBMS-10505,NH-66,Gujarat,557.9,2016,2025-02-25,83.2,19611,17.89
IBMS-10367,NH-19,Uttar Pradesh,1143.4,1967,2025-06-02,66.9,43252,68.92
IBMS-10200,NH-48,Maharashtra,874,1977,2024-12-23,35.3,3399,188.53
IBMS-10260,NH-66,Karnataka,1147.5,2004,2025-09-19,69.3,36059,74.05
IBMS-10358,NH-16,Chhattisgarh,207.8,1963,2022-02-21,59.6,85785,22.97
IBMS-10366,NH-52,Rajasthan,374,1978,2022-10-18,49.8,33440,36.61
IBMS-10169,NH-16,Uttar Pradesh,536.9,1996,2025-10-27,25.1,58792,37.92
IBMS-10283,NH-16,Maharashtra,1016.3,1993,2023-05-26,68.4,17043,97.28
IBMS-10136,NH-6,Madhya Pradesh,881.8,1982,2025-10-17,42.1,83566,101.24
IBMS-10269,NH-66,Jharkhand,433.4,1982,2024-02-18,23.1,70167,104.35
IBMS-10413,NH-6,Bihar,121.1,1961,2022-01-05,58.3,56821,15.18
IBMS-10071,NH-16,Assam,1139.1,1969,2025-05-22,56.8,42971,72.34
IBMS-10264,NH-6,Gujarat,566.7,2003,2023-09-05,57.8,29453,23.77
IBMS-10201,NH-6,Maharashtra,997,1960,2022-12-22,32.4,87126,219.11
IBMS-10351,NH-33,Assam,27.2,1976,2023-06-21,47.2,15057,1.91
IBMS-10007,NH-52,Uttar Pradesh,1057.4,1991,2025-05-23,64.1,86878,123.3
IBMS-10311,NH-19,Assam,725.2,1989,2025-02-27,72.9,25669,24.76
IBMS-10508,NH-66,Jharkhand,121.2,2006,2025-01-20,92.8,30293,2.62
IBMS-10382,NH-6,Karnataka,971.8,1979,2024-02-24,68,94061,52.31
IBMS-10182,NH-16,Karnataka,190.7,1981,2024-02-15,56.7,3168,21.93
IBMS-10173,NH-16,Bihar,720.6,1975,2024-01-16,66.5,89170,69.52
IBMS-10134,NH-6,Madhya Pradesh,58.2,1970,2023-09-03,62.6,85265,6.69
IBMS-10496,NH-6,Madhya Pradesh,552.4,2003,2025-11-05,91.8,91235,10.02
IBMS-10125,NH-48,Rajasthan,320,1998,2023-04-25,51,31064,48.26
IBMS-10404,NH-19,Rajasthan,199.3,1962,2022-09-11,28,19971,46.26
IBMS-10331,NH-33,Bihar,899.5,1979,2022-12-06,39.6,59808,64.44
IBMS-10060,NH-52,Karnataka,30.7,1976,2023-03-26,49.2,51465,3.66
IBMS-10040,NH-48,Maharashtra,43.4,1973,2024-12-06,71,38143,3.52
IBMS-10139,NH-16,Tamil Nadu,233.4,1982,2025-01-03,66.7,55353,12.91
IBMS-10268,NH-48,Jharkhand,710.3,1993,2022-11-13,72.2,39201,25.91
IBMS-10503,NH-16,Gujarat,660.2,2008,2024-06-02,82.9,48184,36.61
IBMS-10032,NH-52,Punjab,1157.4,2000,2022-07-22,41.7,8845,224.16
IBMS-10124,NH-19,Rajasthan,1100.6,1990,2024-03-18,46.7,36246,99.73
IBMS-10024,NH-48,Gujarat,875.1,1982,2023-10-15,34,77179,187.02
IBMS-10501,NH-66,Karnataka,608.2,2007,2025-06-03,92.7,35809,4.64
IBMS-10045,NH-27,Rajasthan,986.8,1973,2024-02-01,67.7,42736,96.07
IBMS-10168,NH-16,Uttar Pradesh,1235.3,1988,2023-03-10,26.9,11947,198.93
IBMS-10013,NH-27,Bihar,64.8,1976,2024-06-23,35.5,76057,9.65
IBMS-10229,NH-44,Jharkhand,908.2,1993,2025-05-09,27.7,71408,187.4
IBMS-10376,NH-52,Madhya Pradesh,557.6,1989,2023-06-28,70.5,73387,28.08
IBMS-10514,NH-44,Kerala,550.9,2002,2023-12-06,80.8,43359,22.27
IBMS-10350,NH-6,Assam,391.9,1961,2022-11-01,57.2,63608,53.2
IBMS-10502,NH-33,Karnataka,146.3,2007,2024-01-07,84.9,2684,3.78
IBMS-10425,NH-48,Gujarat,1132.7,1969,2023-01-13,60.3,67376,134.86
IBMS-10028,NH-19,Jharkhand,1210.1,1973,2024-11-14,67.1,22339,111.32
IBMS-10109,NH-52,Jharkhand,766.7,1987,2025-02-02,60,66322,73.54
IBMS-10180,NH-44,Karnataka,271.2,1997,2025-07-13,32.7,50839,58.46
IBMS-10048,NH-52,Uttar Pradesh,207,1966,2022-06-06,45.5,61201,27.09
IBMS-10246,NH-19,Rajasthan,1084.5,1970,2022-08-10,28.6,68837,123.12
IBMS-10433,NH-66,Punjab,1189.8,1961,2025-02-06,27.3,76756,184.67
IBMS-10510,NH-27,Assam,1192.5,2004,2024-12-16,83.4,30152,65.31
IBMS-10095,NH-16,Madhya Pradesh,702.7,1969,2024-09-02,47.8,8108,80.15
IBMS-10459,NH-66,Tamil Nadu,291.7,1961,2025-10-25,20.2,68756,21.28
IBMS-10488,NH-52,Uttar Pradesh,963.1,2004,2024-02-25,93.1,31160,9.01
IBMS-10273,NH-27,Punjab,39.9,1958,2023-07-02,21.2,97547,6.99
IBMS-10210,NH-19,Uttar Pradesh,800,1996,2023-05-16,67.4,23465,32.73
IBMS-10472,NH-33,Punjab,1105.6,2018,2023-11-27,85.8,80437,35.21
IBMS-10076,NH-66,Andhra Pradesh,554.9,1960,2025-09-22,23.9,53651,92.52
IBMS-10462,NH-16,Karnataka,680.3,1968,2023-10-21,71.9,11513,58.11
IBMS-10504,NH-6,Gujarat,869.9,2003,2024-06-02,78.5,97411,25.9
IBMS-10249,NH-6,Uttar Pradesh,1001.9,1971,2022-07-01,48.9,59674,157.33
IBMS-10480,NH-27,Maharashtra,1080.2,2013,2022-04-15,95.3,2833,8.81
IBMS-10295,NH-6,Madhya Pradesh,967.5,1963,2024-04-28,36.8,72955,121.8
IBMS-10473,NH-66,Punjab,644,2020,2023-02-20,86.1,36975,24.52
IBMS-10106,NH-19,Odisha,88.7,1985,2023-04-16,35.3,72184,11.65
IBMS-10100,NH-16,Karnataka,1145,2003,2023-05-03,46,72571,187.1
IBMS-10416,NH-16,Madhya Pradesh,439,1972,2024-08-03,18.5,32557,85.62
IBMS-10012,NH-30,Bihar,789.1,1963,2024-08-05,71.6,42121,63
IBMS-10043,NH-19,Maharashtra,1010.9,1985,2025-01-19,42,29448,69.71
IBMS-10464,NH-27,Gujarat,775.3,1970,2023-04-01,41.1,86909,125.81
IBMS-10234,NH-48,Kerala,1190.2,1961,2024-10-03,23.4,24466,244.15
IBMS-10471,NH-6,Assam,1024.6,2012,2025-04-27,90.7,82976,29.83
IBMS-10092,NH-19,Bihar,1212.1,1969,2025-06-08,35.1,3236,89.29
IBMS-10398,NH-66,Chhattisgarh,979,1968,2025-12-19,55.1,87564,130.29
IBMS-10026,NH-30,Odisha,1198,1964,2024-03-06,51.2,77560,192.05
IBMS-10196,NH-44,Andhra Pradesh,522,1981,2022-01-11,60.2,12107,54.97
IBMS-10293,NH-66,Bihar,1052.6,1981,2025-08-12,27.1,91283,151.4
IBMS-10267,NH-33,Odisha,240.6,1989,2023-03-01,44.4,37703,36.61
IBMS-10036,NH-30,Andhra Pradesh,926.5,1972,2023-02-18,48.8,52540,64.51
IBMS-10289,NH-52,Uttar Pradesh,728.1,2003,2022-05-18,54.3,83344,88.48
IBMS-10468,NH-16,Jharkhand,1052.1,1974,2025-08-18,60.8,66872,44.58
IBMS-10171,NH-6,Bihar,428.5,1993,2022-06-12,24.8,95715,65.22
IBMS-10276,NH-44,Andhra Pradesh,591.6,1964,2023-06-18,19.5,8370,93.63
IBMS-10050,NH-16,Uttar Pradesh,607.5,1994,2024-09-28,30.3,77589,124.45
IBMS-10237,NH-27,Andhra Pradesh,308.7,1987,2022-06-18,53,35628,21.95
IBMS-10373,NH-19,Bihar,195.2,1995,2023-12-24,64.6,19985,19.03
IBMS-10519,NH-30,Uttarakhand,348.2,2004,2025-02-02,87.5,92474,8.22
IBMS-10051,NH-27,Bihar,1137.9,1961,2025-11-13,28.1,73392,229.9
IBMS-10204,NH-52,Rajasthan,914.9,1986,2025-03-01,31.3,47835,161.22
IBMS-10010,NH-6,Uttar Pradesh,279.2,2004,2024-08-27,64.8,25670,32.79
IBMS-10137,NH-19,Tamil Nadu,1010.2,1977,2024-04-04,67.1,79754,33.5
IBMS-10152,NH-44,Punjab,941,1990,2023-01-06,41.8,31734,131
IBMS-10274,NH-66,Kerala,642.9,1998,2024-08-08,49,56879,55.21
IBMS-10297,NH-19,Tamil Nadu,939.6,1970,2024-04-16,32.5,66078,212.47
IBMS-10292,NH-27,Bihar,219.6,1997,2023-07-10,67.2,57963,21.3
IBMS-10420,NH-66,Karnataka,105.7,1995,2025-01-07,21.1,3022,17.97
IBMS-10332,NH-33,Bihar,1093.5,1988,2022-06-26,65.9,31180,79.87
IBMS-10443,NH-6,Maharashtra,223.2,1962,2023-07-11,72.8,52637,5.93
IBMS-10290,NH-27,Uttar Pradesh,985,1974,2025-05-06,40.9,74724,115.67
IBMS-10319,NH-30,Uttarakhand,493.8,1989,2022-05-05,48.4,53920,64.74
IBMS-10227,NH-30,Odisha,127.3,1984,2024-02-04,68,82214,11
IBMS-10411,NH-16,Bihar,728.2,1959,2023-08-02,50.2,33325,96.35
IBMS-10111,NH-16,Assam,272.9,1989,2024-09-03,26,72711,56.75
IBMS-10240,NH-30,Maharashtra,963.4,1985,2022-11-28,61.4,9292,90.14
IBMS-10041,NH-6,Maharashtra,1180.8,1976,2024-06-05,22.4,79321,209.19
IBMS-10440,NH-27,Maharashtra,356.5,1984,2025-08-24,71.1,14525,13.53
IBMS-10349,NH-33,Jharkhand,980.7,1970,2024-01-03,34.8,31161,62.79
IBMS-10202,NH-48,Maharashtra,824.9,1988,2024-01-27,45.5,57880,102.23
IBMS-10194,NH-66,Kerala,128.1,1965,2022-08-16,21.8,92649,32.45
IBMS-10278,NH-16,Chhattisgarh,931.7,1998,2023-06-13,61.7,84111,95.74
IBMS-10238,NH-27,Chhattisgarh,54.7,1993,2023-11-05,37.9,28432,7.48
IBMS-10017,NH-30,Tamil Nadu,909.8,1978,2024-12-27,31.7,75179,119.18
IBMS-10399,NH-48,Uttarakhand,699.6,1988,2025-05-02,34.6,63907,84.32
IBMS-10380,NH-33,Karnataka,255.6,1959,2025-07-22,53,62381,36.33
IBMS-10452,NH-27,Bihar,190.8,1969,2024-03-10,20.5,90756,44.16
IBMS-10226,NH-66,Odisha,584.1,1984,2025-07-12,51.1,24942,90.94
IBMS-10080,NH-6,Maharashtra,851.2,1999,2024-11-05,28.3,39211,144.4
IBMS-10193,NH-48,Punjab,424.9,1977,2023-07-10,71.3,25640,12.52
IBMS-10456,NH-48,Madhya Pradesh,67.5,1991,2024-10-02,28.5,22730,5.11
IBMS-10287,NH-16,Uttar Pradesh,325.3,2001,2025-04-16,25.6,9241,76.96
IBMS-10038,NH-6,Chhattisgarh,126.7,1982,2025-04-27,23.1,25552,12.8
IBMS-10154,NH-52,Kerala,849.7,1984,2023-05-26,44.9,57405,76.6
IBMS-10115,NH-66,Kerala,168.7,1978,2023-11-13,66.5,60146,11.99
IBMS-10212,NH-66,Bihar,146.9,1993,2025-09-01,62.9,56013,8.91
IBMS-10192,NH-19,Punjab,1007,1994,2024-02-05,46.3,39486,71.38
IBMS-10091,NH-33,Bihar,818.5,1972,2024-02-27,74,63007,19.54
IBMS-10393,NH-16,Punjab,50.1,1966,2022-04-21,36.5,16102,10.48
IBMS-10058,NH-48,Tamil Nadu,848.1,1994,2025-12-10,34.7,24363,143.71
IBMS-10214,NH-44,Madhya Pradesh,542.2,1983,2022-09-07,70.3,60777,34.62
IBMS-10495,NH-52,Madhya Pradesh,1197.7,2011,2022-06-08,95.2,36244,13.14
IBMS-10000,NH-52,Maharashtra,145.1,1968,2022-03-22,67.3,96101,10.16
IBMS-10431,NH-6,Assam,285.2,1971,2023-11-20,41.7,36675,23.19
IBMS-10329,NH-33,Uttar Pradesh,123.3,1971,2025-11-12,42.1,26563,13.51
IBMS-10492,NH-52,Bihar,345.9,2021,2023-11-10,81.2,6784,16.58
IBMS-10337,NH-27,Tamil Nadu,270.9,1980,2023-11-18,49.7,46456,38.73
IBMS-10149,NH-48,Jharkhand,757,1965,2022-04-01,32.7,5848,84.16
IBMS-10426,NH-16,Odisha,351.2,1962,2025-05-19,60.9,7807,44.02
IBMS-10374,NH-16,Madhya Pradesh,907.6,1995,2025-05-16,40.1,44435,114.11
IBMS-10006,NH-6,Rajasthan,955.7,1966,2023-10-11,21.5,59603,244.95
IBMS-10018,NH-27,Tamil Nadu,475.9,1997,2025-04-19,24.8,24076,68.86
IBMS-10203,NH-44,Maharashtra,525.6,1963,2023-12-20,28.2,60897,112.65
IBMS-10414,NH-48,Madhya Pradesh,1043,1981,2024-09-17,43,43345,155.82
IBMS-10225,NH-48,Gujarat,988.2,1967,2023-12-18,40.4,18533,183.52
IBMS-10135,NH-16,Madhya Pradesh,629.6,2000,2024-07-15,68.8,94381,21.49
IBMS-10065,NH-30,Gujarat,387.8,1972,2025-09-04,49.8,91027,42.13
IBMS-10216,NH-27,Madhya Pradesh,1035.7,1961,2023-10-27,51.5,25067,86.85
IBMS-10402,NH-48,Maharashtra,28.8,1966,2024-11-02,46.6,70901,4.59
IBMS-10142,NH-66,Karnataka,810.7,1997,2024-03-20,21.5,6360,102.84
IBMS-10005,NH-16,Rajasthan,401.5,1967,2023-10-04,48.1,72978,69.79
IBMS-10460,NH-66,Karnataka,751.4,1963,2022-12-03,74.2,68125,29.97
IBMS-10222,NH-48,Karnataka,1002.9,1993,2023-06-26,56,56441,111.47
IBMS-10407,NH-16,Uttar Pradesh,1211.5,1981,2022-11-05,30.8,30112,264.33
IBMS-10062,NH-19,Karnataka,829.5,1978,2023-12-14,68.2,18853,63.97
IBMS-10475,NH-6,Kerala,844,1998,2022-08-12,92.7,32955,6.04
IBMS-10325,NH-6,Rajasthan,936.9,2000,2022-12-25,28,6084,221.19
IBMS-10506,NH-66,Odisha,277.8,2021,2024-04-08,77.5,22241,17.63
IBMS-10164,NH-27,Rajasthan,804.9,1995,2022-04-03,69.2,71132,31.73
IBMS-10215,NH-48,Madhya Pradesh,1002.7,2002,2025-07-20,25.1,48911,247.69
IBMS-10369,NH-44,Uttar Pradesh,827.4,1983,2024-08-25,52.8,36410,111.85
IBMS-10357,NH-16,Andhra Pradesh,503.2,2002,2022-04-19,26.8,53377,72.08
IBMS-10300,NH-48,Karnataka,864.3,1967,2025-08-02,45.5,76491,116.63
IBMS-10252,NH-6,Bihar,944.1,1984,2024-08-19,70.6,79433,88.35
IBMS-10442,NH-19,Maharashtra,1072.9,1965,2023-07-28,55.8,25748,64.92
IBMS-10321,NH-66,Maharashtra,140.1,1958,2022-03-11,67.7,2774,14.88
IBMS-10387,NH-27,Odisha,693.4,1995,2022-11-06,20.2,74392,148.02
IBMS-10338,NH-33,Tamil Nadu,790.5,1988,2024-01-12,37.1,18312,162.89
IBMS-10261,NH-16,Karnataka,542.3,1992,2024-01-01,25.3,33273,115.9
IBMS-10177,NH-33,Tamil Nadu,103.9,1970,2024-08-22,25.9,8466,15.08
IBMS-10377,NH-6,Tamil Nadu,655.4,1983,2025-05-10,61,3044,47.9
IBMS-10516,NH-27,Andhra Pradesh,853.2,2015,2022-02-01,79.1,75948,46.67
IBMS-10117,NH-44,Andhra Pradesh,1113.9,1986,2024-03-16,40.8,91237,197.7
IBMS-10282,NH-19,Maharashtra,822.4,1972,2025-08-09,44.7,8386,151.35
IBMS-10363,NH-16,Maharashtra,431.3,1988,2022-05-25,31.5,45289,72.29
IBMS-10383,NH-19,Gujarat,195.7,1993,2023-03-12,42.8,95559,10.2
IBMS-10303,NH-52,Gujarat,915.4,1978,2023-01-13,31.3,77741,208.35
IBMS-10285,NH-66,Rajasthan,613.5,1997,2025-12-25,36.8,87439,47.03
IBMS-10390,NH-27,Assam,916.4,1971,2024-07-16,61.6,54076,35.33
IBMS-10284,NH-33,Rajasthan,113,1981,2022-10-21,59.2,70686,15.28
IBMS-10163,NH-66,Maharashtra,60.7,1983,2022-08-06,41.2,19752,8.81
IBMS-10317,NH-6,Andhra Pradesh,736,1963,2025-06-10,20,38207,107.57
IBMS-10365,NH-30,Rajasthan,210.2,1966,2023-08-21,20,97223,19.49
IBMS-10453,NH-27,Bihar,605.8,1967,2022-10-25,24.5,65994,68.7
IBMS-10075,NH-44,Kerala,430.2,1984,2024-11-03,66.3,13609,16.22
IBMS-10029,NH-6,Jharkhand,349.4,1998,2023-01-18,31.7,86464,74.91
IBMS-10251,NH-33,Bihar,520.6,1964,2024-08-10,70.4,25267,31.85
IBMS-10102,NH-48,Karnataka,1227.4,1999,2025-10-07,44.8,94574,101.83
IBMS-10513,NH-19,Punjab,76,2007,2024-07-05,89.2,65913,2.73
IBMS-10397,NH-19,Andhra Pradesh,640.2,2002,2024-03-01,35.5,21435,99.6
IBMS-10079,NH-27,Uttarakhand,560,1977,2025-04-06,35.2,47802,73.52
IBMS-10518,NH-52,Chhattisgarh,41.7,1999,2025-08-18,80.5,67285,2.69
IBMS-10113,NH-44,Punjab,160.4,1959,2024-04-11,60.5,53340,19.56
IBMS-10490,NH-27,Uttar Pradesh,296.7,2019,2023-09-20,83.1,16555,14.77
IBMS-10450,NH-27,Uttar Pradesh,1132.3,1973,2023-07-14,24.3,33346,126.69
IBMS-10432,NH-66,Punjab,473.9,1993,2023-06-15,68.7,33803,13.57
IBMS-10127,NH-30,Uttar Pradesh,921.1,1960,2025-08-24,27.4,54173,207.57
IBMS-10150,NH-33,Assam,991.8,2004,2025-07-10,33.3,22592,144.08
IBMS-10093,NH-44,Bihar,654.7,1975,2025-10-26,73.2,89844,38.18
IBMS-10001,NH-52,Maharashtra,1075.1,1971,2024-06-13,20.9,71480,241.68
IBMS-10023,NH-33,Gujarat,1229.7,1987,2025-11-02,31.4,77274,157.07
IBMS-10257,NH-66,Tamil Nadu,226.8,1989,2024-10-10,41.2,57987,31.05
IBMS-10406,NH-30,Rajasthan,1020,2003,2022-01-09,57.2,57429,89.89
IBMS-10424,NH-27,Gujarat,669.7,1963,2025-01-04,45.9,63609,116.37
IBMS-10070,NH-66,Assam,603.3,1999,2024-03-13,72.5,7544,19.88
IBMS-10183,NH-44,Gujarat,1059.8,1993,2023-05-15,34.9,41761,198.22
IBMS-10243,NH-44,Maharashtra,1189.8,2004,2022-06-10,24.8,39400,212.77
IBMS-10195,NH-44,Kerala,1178.6,1990,2024-11-08,64,33437,105.1
IBMS-10103,NH-52,Gujarat,786.2,1999,2022-02-13,36.8,75949,124.22
IBMS-10370,NH-6,Uttar Pradesh,630.7,1989,2023-02-09,32.2,54015,104.51
IBMS-10451,NH-27,Bihar,797.3,2000,2022-01-22,19,5179,148.21
IBMS-10445,NH-30,Rajasthan,603.4,1962,2025-08-22,50.9,49409,33.06
IBMS-10014,NH-52,Madhya Pradesh,199.1,1999,2025-11-20,63.4,62448,16.9
IBMS-10022,NH-19,Karnataka,516.7,1971,2022-03-23,23.6,79378,66.75
IBMS-10089,NH-6,Uttar Pradesh,758.9,1966,2024-01-10,24.5,32997,157.34
IBMS-10270,NH-33,Assam,690.9,1995,2025-08-10,53.6,56806,96.4
IBMS-10455,NH-30,Madhya Pradesh,1216.6,1986,2025-11-26,59.3,93261,79.82
IBMS-10143,NH-19,Gujarat,1169.2,1968,2024-03-16,56.1,78628,63.49
IBMS-10187,NH-44,Odisha,161.2,2004,2024-04-20,50.3,52467,7.65
IBMS-10494,NH-27,Madhya Pradesh,204.1,2018,2022-01-15,88.8,28381,2.26
IBMS-10417,NH-19,Tamil Nadu,591.5,1986,2023-01-25,58.1,39684,46.64
IBMS-10386,NH-33,Odisha,133.1,1985,2025-09-04,56.2,71890,5.7
IBMS-10385,NH-6,Gujarat,90.4,1979,2025-04-22,73.7,91272,4.52
IBMS-10315,NH-19,Kerala,694.1,1983,2025-10-10,56.6,41519,64.47
IBMS-10500,NH-52,Karnataka,707.7,2004,2022-08-12,85.4,72065,27.53
IBMS-10122,NH-30,Maharashtra,377.4,1986,2023-06-04,69.2,14052,38.58
IBMS-10395,NH-30,Kerala,439.8,1970,2022-12-10,39.4,29259,46.91
IBMS-10247,NH-6,Uttar Pradesh,819.9,1965,2023-07-24,67.2,84874,44.1
IBMS-10121,NH-19,Maharashtra,600,1997,2022-09-13,29,11754,142.88
IBMS-10057,NH-52,Tamil Nadu,855.7,1989,2024-12-26,33.7,60300,51.74
IBMS-10436,NH-66,Andhra Pradesh,721.2,2004,2023-08-10,33.7,78338,127.33
IBMS-10218,NH-44,Tamil Nadu,620.8,2003,2024-05-22,52.8,84837,26.4
IBMS-10479,NH-30,Uttarakhand,190.7,2016,2022-01-27,80.4,73542,6.03
IBMS-10427,NH-48,Odisha,227.2,1962,2023-06-05,74.3,64690,18.15
IBMS-10165,NH-6,Rajasthan,983.2,1993,2025-05-19,53.8,5042,147.08
IBMS-10477,NH-52,Andhra Pradesh,571.4,2011,2024-11-17,94.3,82707,9.97
IBMS-10405,NH-30,Rajasthan,241.3,1977,2022-03-07,26.4,32613,31.65
IBMS-10207,NH-52,Uttar Pradesh,468.1,1966,2024-09-10,20.6,89732,63.22
IBMS-10301,NH-52,Karnataka,879.9,1995,2023-05-28,51.6,66748,75.34
IBMS-10104,NH-48,Gujarat,811.5,1965,2023-11-26,57.1,92364,105.03
IBMS-10160,NH-6,Maharashtra,569.4,1979,2025-08-14,73.7,14257,32.89
IBMS-10140,NH-16,Karnataka,491.7,1973,2022-07-24,25.3,4256,115.88
IBMS-10281,NH-52,Maharashtra,343.6,1982,2022-05-24,64,88070,29.04
IBMS-10002,NH-16,Maharashtra,302.4,2001,2023-02-27,23.9,82961,45.96
IBMS-10428,NH-6,Jharkhand,764.1,1987,2023-04-23,35.8,81067,101.79
IBMS-10375,NH-6,Madhya Pradesh,354.4,1971,2023-01-18,55.8,82389,31.81
IBMS-10394,NH-33,Kerala,860.5,1981,2024-06-08,58.4,82584,60.32
IBMS-10446,NH-44,Rajasthan,153.2,1981,2022-07-25,64.6,66957,12.95
IBMS-10233,NH-30,Punjab,469.9,1994,2022-01-11,72.3,56383,14.96
IBMS-10236,NH-19,Andhra Pradesh,488.5,1983,2022-05-14,65.5,51482,44.39
IBMS-10401,NH-19,Maharashtra,356.7,1984,2023-10-10,32.2,24325,34.44
IBMS-10308,NH-52,Jharkhand,709.6,1976,2024-10-28,37.8,78732,40.92
IBMS-10118,NH-33,Chhattisgarh,992.4,1963,2022-10-07,23.7,5460,232.61
IBMS-10316,NH-30,Andhra Pradesh,679.3,1989,2024-08-12,64.2,52201,63.98
IBMS-10379,NH-44,Tamil Nadu,844.8,1985,2025-02-11,57.6,59337,82.13
IBMS-10148,NH-48,Jharkhand,774.7,2002,2025-11-22,21.4,50890,184.68
IBMS-10259,NH-52,Tamil Nadu,113.6,1969,2022-01-05,31,75915,26.11
IBMS-10188,NH-33,Jharkhand,919.3,2003,2022-05-26,38.6,81242,76.6
IBMS-10141,NH-27,Karnataka,498.1,1983,2023-04-25,31.3,41119,58.79
IBMS-10008,NH-33,Uttar Pradesh,71.4,1996,2024-09-20,52.8,15129,6.81
IBMS-10457,NH-52,Tamil Nadu,913.2,1994,2024-06-02,71.3,47982,75.01
IBMS-10156,NH-52,Andhra Pradesh,821.9,1975,2025-02-12,55.6,9473,92.14
IBMS-10016,NH-33,Madhya Pradesh,892,1978,2023-02-06,23.5,44060,225.59
IBMS-10511,NH-6,Assam,1079.1,2019,2025-11-17,95.3,74640,13.4
IBMS-10429,NH-27,Jharkhand,531.8,1978,2022-03-21,56.1,8664,60.44
IBMS-10099,NH-52,Tamil Nadu,654.4,1980,2022-03-23,48.1,37922,79.3
IBMS-10364,NH-30,Rajasthan,1087,1966,2023-06-02,51.5,80095,152.94
IBMS-10209,NH-48,Uttar Pradesh,57.9,1990,2025-06-28,36.8,43327,4.86
IBMS-10019,NH-48,Tamil Nadu,1019.2,2002,2022-04-02,22,93514,149.53
IBMS-10116,NH-27,Andhra Pradesh,484.6,1964,2023-01-21,27.5,16279,89.49
IBMS-10327,NH-19,Uttar Pradesh,883.7,1968,2022-09-04,70.4,24944,33.19
IBMS-10422,NH-19,Karnataka,245.8,1981,2024-06-01,62.6,46603,16.24
IBMS-10361,NH-52,Maharashtra,134.5,1985,2025-07-25,73.1,19760,12.09
IBMS-10244,NH-52,Rajasthan,471.2,1977,2025-09-23,63.1,84833,34.58
IBMS-10517,NH-27,Andhra Pradesh,1195.9,2002,2025-11-17,82.7,66998,31.41
IBMS-10027,NH-52,Odisha,920.4,2000,2022-01-12,60.4,75154,67.14
IBMS-10166,NH-33,Rajasthan,1093.1,1965,2025-04-17,45.6,74800,83.37
IBMS-10096,NH-30,Madhya Pradesh,565.2,1964,2025-04-28,27.4,53701,56.09
IBMS-10323,NH-48,Maharashtra,609.4,1960,2024-02-27,28.1,68981,98.67
IBMS-10389,NH-30,Jharkhand,343.8,1975,2022-07-22,41.4,35037,45.47
IBMS-10224,NH-19,Gujarat,162.9,1962,2022-08-04,64.7,65776,11.4
IBMS-10128,NH-48,Uttar Pradesh,1005.1,1963,2024-06-22,35.7,39282,141.41
IBMS-10064,NH-66,Gujarat,685.7,1989,2023-04-28,58.1,63745,62.78
IBMS-10081,NH-44,Maharashtra,812.4,1972,2022-11-18,34.2,12181,133.48
IBMS-10449,NH-48,Uttar Pradesh,1041.9,1998,2025-10-02,47.6,33664,65.9
IBMS-10392,NH-30,Punjab,576.2,1960,2025-08-13,51,15084,70.73
IBMS-10461,NH-19,Karnataka,545.8,1969,2025-02-07,38.3,85346,32.36
IBMS-10454,NH-48,Madhya Pradesh,951.7,1969,2023-05-18,47.4,23759,135.96
IBMS-10056,NH-66,Madhya Pradesh,280.9,1977,2024-07-09,69.7,16915,20.75
IBMS-10258,NH-66,Tamil Nadu,1140.2,1989,2025-06-26,54.4,33061,87.66
IBMS-10384,NH-27,Gujarat,37.2,1976,2025-06-28,51.8,5459,2.69
IBMS-10318,NH-44,Chhattisgarh,64.2,1997,2024-11-01,22,90609,12.84
IBMS-10219,NH-33,Tamil Nadu,1134.8,2002,2022-07-05,47.2,43455,134.1
IBMS-10011,NH-33,Bihar,1121.2,1986,2022-06-11,49,54695,64.21
IBMS-10430,NH-30,Assam,451.6,1974,2023-12-20,73.2,45538,16.65
IBMS-10305,NH-30,Gujarat,399.1,1984,2025-06-23,64.2,29796,44.26
IBMS-10082,NH-48,Maharashtra,837.6,1960,2024-02-04,24.8,56741,89.38
IBMS-10066,NH-44,Odisha,66.5,1973,2025-01-06,27.2,9607,13.31
IBMS-10112,NH-19,Punjab,1178.4,1976,2022-01-12,52.1,56143,157.43
IBMS-10448,NH-33,Uttar Pradesh,135.1,1986,2024-03-18,64.9,67013,9.57
IBMS-10263,NH-52,Gujarat,1103.9,1969,2022-01-03,18.8,55854,183.93
IBMS-10266,NH-30,Odisha,1112.3,1959,2025-05-23,63.8,81367,98.77
IBMS-10255,NH-52,Madhya Pradesh,774.5,1974,2025-08-15,18.3,75019,80.49
IBMS-10049,NH-48,Uttar Pradesh,537.5,1985,2023-08-15,58.3,27092,73.63
IBMS-10059,NH-44,Tamil Nadu,211.1,1976,2023-07-08,62.2,94163,11.17
IBMS-10298,NH-6,Tamil Nadu,255.9,1987,2024-10-05,57.9,23061,21.07
IBMS-10067,NH-6,Odisha,164.6,1979,2024-08-18,30.5,54057,16.5
IBMS-10063,NH-66,Gujarat,25.8,1958,2025-09-09,45.7,50913,2.85
IBMS-10126,NH-16,Rajasthan,845.5,2004,2025-01-05,31.5,96709,92.15
IBMS-10476,NH-16,Andhra Pradesh,478.1,2010,2025-01-12,86.2,13739,21.99
IBMS-10314,NH-52,Kerala,73.7,1995,2025-06-21,27.5,60381,14.43
IBMS-10334,NH-44,Madhya Pradesh,873.5,1978,2022-09-23,39.1,9524,140.76
IBMS-10353,NH-52,Punjab,349.8,1992,2024-02-15,32.2,55140,30.43
IBMS-10423,NH-66,Gujarat,62.1,2004,2024-06-01,71.6,16256,1.74
IBMS-10491,NH-19,Bihar,140.2,1998,2022-10-07,80.2,17863,7.14
IBMS-10360,NH-19,Maharashtra,204.1,1973,2025-05-06,23.1,59467,32.77
IBMS-10107,NH-44,Odisha,1192.4,1980,2022-08-13,24.8,63788,125.36
IBMS-10347,NH-6,Odisha,1142,1989,2022-06-04,55.6,49893,136.8
IBMS-10362,NH-33,Maharashtra,704.8,1969,2025-01-07,44.3,29463,68.74
IBMS-10129,NH-27,Uttar Pradesh,678.4,1972,2025-01-11,25.7,13296,61.09
IBMS-10034,NH-30,Kerala,1132,1967,2024-08-18,48.2,24698,60.28
IBMS-10239,NH-48,Uttarakhand,101.9,2002,2024-08-12,25.4,59604,21.99
IBMS-10053,NH-48,Bihar,1218.9,1992,2025-06-15,55.5,21267,144.28
