district,month,beds_total,beds_occupied,icu_total,icu_occupied,staff_nurses,staff_doctors
Pune,2019-01,2103,1217,122,75,1047,191
Pune,2019-02,2105,1317,122,80,991,173
Pune,2019-03,2107,1192,122,80,1060,276
Pune,2019-04,2109,1417,123,84,858,245
Pune,2019-05,2111,1467,123,93,897,281
Pune,2019-06,2114,1541,123,98,956,152
Pune,2019-07,2116,1622,123,94,707,220
Pune,2019-08,2118,1649,123,104,773,261
Pune,2019-09,2120,1634,124,99,1166,282
Pune,2019-10,2122,1139,124,71,690,238
Pune,2019-11,2124,1511,124,102,1092,151
Pune,2019-12,2126,1255,124,81,940,185
Pune,2020-01,2128,1414,124,94,821,260
Pune,2020-02,2130,1760,125,119,1005,279
Pune,2020-03,2132,1595,125,94,742,215
Pune,2020-04,2135,1947,125,117,805,171
Pune,2020-05,2137,1911,125,114,945,227
Pune,2020-06,2139,1891,125,120,879,293
Pune,2020-07,2141,1969,126,119,1056,274
Pune,2020-08,2143,1863,126,120,1147,165
Pune,2020-09,2145,1917,126,125,1055,281
Pune,2020-10,2147,2126,126,126,1162,215
Pune,2020-11,2149,1724,126,108,692,288
Pune,2020-12,2151,1238,127,80,1088,176
Pune,2021-01,2153,1484,127,95,1033,222
Pune,2021-02,2156,1566,127,97,1151,244
Pune,2021-03,2158,1970,127,127,814,244
Pune,2021-04,2160,1773,127,109,842,181
Pune,2021-05,2162,1747,128,106,804,214
Pune,2021-06,2164,1589,128,104,889,277
Pune,2021-07,2166,2144,128,128,1133,295
Pune,2021-08,2168,2146,128,128,908,269
Pune,2021-09,2170,1713,129,117,929,260
Pune,2021-10,2172,1525,129,91,951,172
Pune,2021-11,2175,1412,129,90,1116,218
Pune,2021-12,2177,1291,129,79,980,207
Pune,2022-01,2179,1473,129,99,778,172
Pune,2022-02,2181,1171,130,78,872,207
Pune,2022-03,2183,1432,130,99,1024,262
Pune,2022-04,2185,1422,130,86,909,173
Pune,2022-05,2187,1791,130,110,1072,219
Pune,2022-06,2189,1591,130,104,968,169
Pune,2022-07,2191,1591,131,103,780,160
Pune,2022-08,2193,1456,131,102,890,289
Pune,2022-09,2196,1623,131,114,1054,292
Pune,2022-10,2198,1801,131,116,776,156
Pune,2022-11,2200,1489,131,104,1131,271
Pune,2022-12,2202,1409,132,98,1123,299
Pune,2023-01,2204,1268,132,86,871,267
Pune,2023-02,2206,1474,132,98,759,263
Pune,2023-03,2208,1288,132,86,903,250
Pune,2023-04,2210,1473,132,97,734,265
Pune,2023-05,2212,1607,133,99,1186,285
Pune,2023-06,2214,2035,133,127,990,303
Pune,2023-07,2217,1848,133,124,876,237
Pune,2023-08,2219,1702,133,120,1061,297
Pune,2023-09,2221,1626,133,105,931,233
Pune,2023-10,2223,1329,134,92,756,256
Pune,2023-11,2225,1388,134,94,1195,223
Pune,2023-12,2227,1156,134,81,1053,276
Pune,2024-01,2229,1242,134,79,1050,216
Pune,2024-02,2231,1276,134,90,953,196
Pune,2024-03,2233,1297,135,90,1197,181
Pune,2024-04,2235,1614,135,115,798,306
Pune,2024-05,2238,1754,135,125,786,217
Pune,2024-06,2240,1807,135,114,735,204
Pune,2024-07,2242,1726,135,115,861,168
Pune,2024-08,2244,1762,136,117,848,215
Pune,2024-09,2246,1723,136,113,764,184
Pune,2024-10,2248,1688,136,116,1088,285
Pune,2024-11,2250,1052,136,73,1179,299
Pune,2024-12,2252,1639,136,111,1022,245
Pune,2025-01,2254,1151,137,81,1062,194
Pune,2025-02,2257,1241,137,76,1131,178
Pune,2025-03,2259,1385,137,96,1080,169
Pune,2025-04,2261,1759,137,116,925,158
Pune,2025-05,2263,1579,137,113,778,170
Pune,2025-06,2265,1718,138,110,1010,272
Pune,2025-07,2267,1636,138,108,823,247
Pune,2025-08,2269,1843,138,113,869,195
Pune,2025-09,2271,1758,138,117,1024,293
Pune,2025-10,2273,1632,138,110,1237,300
Pune,2025-11,2275,1437,139,99,1203,221
Pune,2025-12,2278,1315,139,94,929,292
Nagpur,2019-01,671,357,60,37,369,49
Nagpur,2019-02,672,325,60,34,314,63
Nagpur,2019-03,672,420,60,44,346,67
Nagpur,2019-04,673,436,60,41,226,80
Nagpur,2019-05,674,423,60,42,303,72
Nagpur,2019-06,674,568,61,53,217,94
Nagpur,2019-07,675,528,61,53,227,92
Nagpur,2019-08,676,482,61,48,285,81
Nagpur,2019-09,676,499,61,47,347,66
Nagpur,2019-10,677,475,61,47,303,79
Nagpur,2019-11,678,417,61,44,367,48
Nagpur,2019-12,678,431,61,44,332,55
Nagpur,2020-01,679,554,61,57,351,74
Nagpur,2020-02,680,507,61,46,348,70
Nagpur,2020-03,680,414,61,39,328,80
Nagpur,2020-04,681,512,61,49,349,94
Nagpur,2020-05,682,561,62,55,284,85
Nagpur,2020-06,682,682,62,62,296,56
Nagpur,2020-07,683,665,62,62,230,92
Nagpur,2020-08,684,677,62,62,311,92
Nagpur,2020-09,684,568,62,55,315,75
Nagpur,2020-10,685,499,62,47,284,49
Nagpur,2020-11,686,616,62,61,274,71
Nagpur,2020-12,686,464,62,47,362,69
Nagpur,2021-01,687,443,62,41,328,54
Nagpur,2021-02,688,598,63,63,374,65
Nagpur,2021-03,688,489,63,50,335,78
Nagpur,2021-04,689,539,63,53,294,83
Nagpur,2021-05,690,630,63,60,290,53
Nagpur,2021-06,690,643,63,63,255,53
Nagpur,2021-07,691,678,63,63,312,90
Nagpur,2021-08,692,658,63,63,229,57
Nagpur,2021-09,692,458,63,43,313,81
Nagpur,2021-10,693,431,63,42,260,67
Nagpur,2021-11,694,435,63,41,285,49
Nagpur,2021-12,694,487,64,53,325,49
Nagpur,2022-01,695,415,64,44,244,72
Nagpur,2022-02,696,396,64,42,236,80
Nagpur,2022-03,696,435,64,43,342,84
Nagpur,2022-04,697,517,64,54,273,78
Nagpur,2022-05,698,518,64,52,298,50
Nagpur,2022-06,699,499,64,54,311,83
Nagpur,2022-07,699,606,64,61,289,78
Nagpur,2022-08,700,542,64,58,307,74
Nagpur,2022-09,701,536,64,53,353,74
Nagpur,2022-10,701,524,65,53,254,74
Nagpur,2022-11,702,421,65,44,347,53
Nagpur,2022-12,703,530,65,52,366,96
Nagpur,2023-01,703,373,65,40,299,87
Nagpur,2023-02,704,425,65,41,320,73
Nagpur,2023-03,705,503,65,50,253,52
Nagpur,2023-04,705,497,65,51,334,80
Nagpur,2023-05,706,478,65,47,264,52
Nagpur,2023-06,707,425,65,45,312,64
Nagpur,2023-07,707,535,65,54,321,95
Nagpur,2023-08,708,573,66,55,257,86
Nagpur,2023-09,709,510,66,55,234,71
Nagpur,2023-10,709,449,66,44,339,92
Nagpur,2023-11,710,446,66,47,385,81
Nagpur,2023-12,711,472,66,49,296,87
Nagpur,2024-01,711,437,66,43,282,96
Nagpur,2024-02,712,345,66,36,283,58
Nagpur,2024-03,713,471,66,44,304,72
Nagpur,2024-04,713,508,66,54,254,76
Nagpur,2024-05,714,455,66,47,314,52
Nagpur,2024-06,715,573,67,55,253,70
Nagpur,2024-07,715,563,67,53,322,64
Nagpur,2024-08,716,565,67,56,323,86
Nagpur,2024-09,717,484,67,46,240,54
Nagpur,2024-10,717,519,67,51,377,95
Nagpur,2024-11,718,466,67,47,377,83
Nagpur,2024-12,719,274,67,30,252,64
Nagpur,2025-01,719,381,67,37,303,72
Nagpur,2025-02,720,525,67,54,323,58
Nagpur,2025-03,721,428,67,47,296,67
Nagpur,2025-04,721,459,68,46,368,79
Nagpur,2025-05,722,558,68,61,287,100
Nagpur,2025-06,723,527,68,58,318,100
Nagpur,2025-07,723,641,68,64,352,69
Nagpur,2025-08,724,562,68,56,287,101
Nagpur,2025-09,725,462,68,44,249,55
Nagpur,2025-10,725,448,68,46,253,61
Nagpur,2025-11,726,484,68,46,353,93
Nagpur,2025-12,727,452,68,49,370,100
Nashik,2019-01,1342,842,127,84,548,109
Nashik,2019-02,1343,897,127,95,662,177
Nashik,2019-03,1345,948,127,102,724,168
Nashik,2019-04,1346,1093,128,115,510,120
Nashik,2019-05,1347,1056,128,101,458,100
Nashik,2019-06,1349,1207,128,123,506,96
Nashik,2019-07,1350,1229,128,128,494,96
Nashik,2019-08,1351,907,128,87,569,96
Nashik,2019-09,1353,911,129,90,525,118
Nashik,2019-10,1354,1285,129,129,663,179
Nashik,2019-11,1355,820,129,79,722,176
Nashik,2019-12,1357,736,129,77,706,104
Nashik,2020-01,1358,1042,130,114,619,170
Nashik,2020-02,1359,896,130,91,745,129
Nashik,2020-03,1361,1044,130,100,661,185
Nashik,2020-04,1362,1099,130,112,648,132
Nashik,2020-05,1363,1014,130,112,662,174
Nashik,2020-06,1365,1270,131,131,642,167
Nashik,2020-07,1366,1241,131,127,721,149
Nashik,2020-08,1367,1273,131,131,625,163
Nashik,2020-09,1369,1082,131,116,455,144
Nashik,2020-10,1370,1242,131,129,559,175
Nashik,2020-11,1372,1230,132,129,663,185
Nashik,2020-12,1373,982,132,106,697,106
Nashik,2021-01,1374,1094,132,123,504,128
Nashik,2021-02,1376,984,132,99,472,158
Nashik,2021-03,1377,1331,133,133,706,158
Nashik,2021-04,1378,1196,133,130,594,120
Nashik,2021-05,1380,904,133,87,617,98
Nashik,2021-06,1381,1058,133,102,670,102
Nashik,2021-07,1382,1368,133,133,739,122
Nashik,2021-08,1384,1110,134,114,486,137
Nashik,2021-09,1385,993,134,106,510,98
Nashik,2021-10,1386,882,134,99,710,187
Nashik,2021-11,1388,871,134,99,500,136
Nashik,2021-12,1389,854,134,94,690,175
Nashik,2022-01,1390,830,135,91,463,121
Nashik,2022-02,1392,870,135,99,748,164
Nashik,2022-03,1393,1050,135,103,486,120
Nashik,2022-04,1394,983,135,104,651,141
Nashik,2022-05,1396,974,135,102,496,105
Nashik,2022-06,1397,960,136,99,768,155
Nashik,2022-07,1398,1122,136,111,468,164
Nashik,2022-08,1400,965,136,98,686,174
Nashik,2022-09,1401,1012,136,110,727,109
Nashik,2022-10,1402,792,137,82,572,119
Nashik,2022-11,1404,818,137,93,504,133
Nashik,2022-12,1405,1051,137,113,628,105
Nashik,2023-01,1406,799,137,78,692,134
Nashik,2023-02,1408,712,137,74,610,163
Nashik,2023-03,1409,852,138,84,706,99
Nashik,2023-04,1410,1193,138,128,729,183
Nashik,2023-05,1412,1003,138,99,722,107
Nashik,2023-06,1413,1012,138,115,581,187
Nashik,2023-07,1414,1110,138,119,468,168
Nashik,2023-08,1416,955,139,104,544,132
Nashik,2023-09,1417,948,139,109,775,186
Nashik,2023-10,1418,1051,139,106,547,166
Nashik,2023-11,1420,899,139,98,763,159
Nashik,2023-12,1421,826,139,93,641,179
Nashik,2024-01,1423,969,140,107,518,134
Nashik,2024-02,1424,871,140,96,538,171
Nashik,2024-03,1425,1083,140,110,500,170
Nashik,2024-04,1427,1035,140,115,664,184
Nashik,2024-05,1428,1028,141,102,637,183
Nashik,2024-06,1429,945,141,107,660,123
Nashik,2024-07,1431,1133,141,116,741,189
Nashik,2024-08,1432,850,141,90,652,146
Nashik,2024-09,1433,963,141,101,632,135
Nashik,2024-10,1435,852,142,90,634,115
Nashik,2024-11,1436,773,142,82,695,181
Nashik,2024-12,1437,840,142,85,611,180
Nashik,2025-01,1439,967,142,99,517,186
Nashik,2025-02,1440,1058,142,123,507,193
Nashik,2025-03,1441,958,143,98,728,148
Nashik,2025-04,1443,881,143,91,649,118
Nashik,2025-05,1444,1097,143,110,716,160
Nashik,2025-06,1445,997,143,105,670,168
Nashik,2025-07,1447,920,144,105,547,103
Nashik,2025-08,1448,1182,144,120,725,138
Nashik,2025-09,1449,1038,144,118,780,114
Nashik,2025-10,1451,1014,144,106,474,128
Nashik,2025-11,1452,844,144,97,543,182
Nashik,2025-12,1453,857,145,95,631,119
Aurangabad,2019-01,645,472,51,38,323,86
Aurangabad,2019-02,646,357,51,30,250,70
Aurangabad,2019-03,646,336,51,31,241,59
Aurangabad,2019-04,647,469,51,38,322,49
Aurangabad,2019-05,648,506,51,43,258,65
Aurangabad,2019-06,648,539,51,48,254,75
Aurangabad,2019-07,649,597,52,50,300,84
Aurangabad,2019-08,650,436,52,38,279,49
Aurangabad,2019-09,650,503,52,43,350,49
Aurangabad,2019-10,651,496,52,45,241,90
Aurangabad,2019-11,651,422,52,34,238,91
Aurangabad,2019-12,652,360,52,33,280,48
Aurangabad,2020-01,653,421,52,38,355,67
Aurangabad,2020-02,653,541,52,48,274,65
Aurangabad,2020-03,654,579,52,50,277,77
Aurangabad,2020-04,655,547,52,45,338,59
Aurangabad,2020-05,655,567,52,49,278,50
Aurangabad,2020-06,656,649,52,52,212,49
Aurangabad,2020-07,657,618,53,53,219,91
Aurangabad,2020-08,657,578,53,49,304,67
Aurangabad,2020-09,658,487,53,39,262,90
Aurangabad,2020-10,659,652,53,53,225,92
Aurangabad,2020-11,659,522,53,44,342,84
Aurangabad,2020-12,660,486,53,44,304,54
Aurangabad,2021-01,660,487,53,45,352,51
Aurangabad,2021-02,661,454,53,40,266,49
Aurangabad,2021-03,662,423,53,34,341,89
Aurangabad,2021-04,662,510,53,42,282,59
Aurangabad,2021-05,663,604,53,50,302,68
Aurangabad,2021-06,664,657,53,53,309,54
Aurangabad,2021-07,664,657,54,54,363,58
Aurangabad,2021-08,665,482,54,41,308,69
Aurangabad,2021-09,666,528,54,45,249,53
Aurangabad,2021-10,666,470,54,41,338,88
Aurangabad,2021-11,667,455,54,43,227,80
Aurangabad,2021-12,668,416,54,37,320,79
Aurangabad,2022-01,668,394,54,35,295,75
Aurangabad,2022-02,669,422,54,35,320,52
Aurangabad,2022-03,670,379,54,33,359,52
Aurangabad,2022-04,670,478,54,43,224,56
Aurangabad,2022-05,671,524,54,48,329,81
Aurangabad,2022-06,671,530,54,44,368,86
Aurangabad,2022-07,672,525,55,50,331,58
Aurangabad,2022-08,673,544,55,48,255,70
Aurangabad,2022-09,673,436,55,42,238,85
Aurangabad,2022-10,674,511,55,42,231,78
Aurangabad,2022-11,675,500,55,46,252,74
Aurangabad,2022-12,675,403,55,36,219,68
Aurangabad,2023-01,676,440,55,38,284,80
Aurangabad,2023-02,677,386,55,34,309,73
Aurangabad,2023-03,677,468,55,41,259,80
Aurangabad,2023-04,678,424,55,38,231,66
Aurangabad,2023-05,679,581,55,54,249,84
Aurangabad,2023-06,679,615,56,56,302,59
Aurangabad,2023-07,680,488,56,47,360,73
Aurangabad,2023-08,680,594,56,52,247,90
Aurangabad,2023-09,681,571,56,48,231,67
Aurangabad,2023-10,682,439,56,40,277,79
Aurangabad,2023-11,682,450,56,38,340,52
Aurangabad,2023-12,683,378,56,32,370,56
Aurangabad,2024-01,684,422,56,36,276,86
Aurangabad,2024-02,684,438,56,41,341,85
Aurangabad,2024-03,685,406,56,37,334,62
Aurangabad,2024-04,686,436,56,40,269,75
Aurangabad,2024-05,686,556,56,47,373,76
Aurangabad,2024-06,687,443,57,42,336,61
Aurangabad,2024-07,688,475,57,43,255,78
Aurangabad,2024-08,688,546,57,47,221,59
Aurangabad,2024-09,689,536,57,51,281,92
Aurangabad,2024-10,690,469,57,40,258,55
Aurangabad,2024-11,690,460,57,40,331,80
Aurangabad,2024-12,691,381,57,33,345,62
Aurangabad,2025-01,691,446,57,43,359,55
Aurangabad,2025-02,692,333,57,29,295,89
Aurangabad,2025-03,693,420,57,37,306,95
Aurangabad,2025-04,693,490,57,45,274,67
Aurangabad,2025-05,694,512,57,44,316,84
Aurangabad,2025-06,695,490,58,47,320,93
Aurangabad,2025-07,695,475,58,47,288,52
Aurangabad,2025-08,696,586,58,57,236,89
Aurangabad,2025-09,697,555,58,48,317,52
Aurangabad,2025-10,697,311,58,28,362,76
Aurangabad,2025-11,698,356,58,32,336,94
Aurangabad,2025-12,699,439,58,40,311,89
Jaipur,2019-01,1755,972,132,79,658,214
Jaipur,2019-02,1757,873,132,75,859,211
Jaipur,2019-03,1759,1228,132,103,725,218
Jaipur,2019-04,1760,1112,133,93,739,148
Jaipur,2019-05,1762,1238,133,103,835,136
Jaipur,2019-06,1764,1490,133,120,624,245
Jaipur,2019-07,1766,1461,133,123,906,242
Jaipur,2019-08,1767,1279,134,113,866,127
Jaipur,2019-09,1769,1239,134,99,839,157
Jaipur,2019-10,1771,1145,134,98,641,239
Jaipur,2019-11,1773,1240,134,107,819,147
Jaipur,2019-12,1774,796,134,71,649,160
Jaipur,2020-01,1776,1368,135,118,941,139
Jaipur,2020-02,1778,1521,135,121,914,208
Jaipur,2020-03,1780,1247,135,98,708,137
Jaipur,2020-04,1781,1072,135,91,584,183
Jaipur,2020-05,1783,1363,136,120,822,194
Jaipur,2020-06,1785,1366,136,112,710,134
Jaipur,2020-07,1787,1516,136,118,776,143
Jaipur,2020-08,1788,1739,136,136,676,197
Jaipur,2020-09,1790,1624,136,127,915,197
Jaipur,2020-10,1792,1417,137,119,887,183
Jaipur,2020-11,1794,1489,137,126,843,246
Jaipur,2020-12,1795,1402,137,119,860,126
Jaipur,2021-01,1797,1435,137,115,724,173
Jaipur,2021-02,1799,1409,138,127,880,245
Jaipur,2021-03,1801,1533,138,126,987,229
Jaipur,2021-04,1802,1513,138,124,769,132
Jaipur,2021-05,1804,1760,138,138,678,152
Jaipur,2021-06,1806,1788,138,138,957,168
Jaipur,2021-07,1808,1727,139,139,922,221
Jaipur,2021-08,1809,1791,139,139,709,139
Jaipur,2021-09,1811,1315,139,104,951,235
Jaipur,2021-10,1813,1766,139,139,582,169
Jaipur,2021-11,1815,865,139,71,951,187
Jaipur,2021-12,1816,932,140,79,630,154
Jaipur,2022-01,1818,1134,140,102,851,189
Jaipur,2022-02,1820,918,140,79,659,237
Jaipur,2022-03,1822,1132,140,88,809,142
Jaipur,2022-04,1823,1052,141,85,815,210
Jaipur,2022-05,1825,1280,141,112,631,199
Jaipur,2022-06,1827,1398,141,125,643,190
Jaipur,2022-07,1829,1298,141,101,655,154
Jaipur,2022-08,1830,1309,141,113,915,245
Jaipur,2022-09,1832,1370,142,115,753,236
Jaipur,2022-10,1834,1081,142,84,704,216
Jaipur,2022-11,1836,1259,142,109,712,241
Jaipur,2022-12,1837,1212,142,105,641,228
Jaipur,2023-01,1839,1198,143,94,920,180
Jaipur,2023-02,1841,1027,143,89,771,199
Jaipur,2023-03,1843,1402,143,127,597,194
Jaipur,2023-04,1845,1177,143,105,1007,166
Jaipur,2023-05,1846,1405,143,128,805,238
Jaipur,2023-06,1848,1228,144,109,643,216
Jaipur,2023-07,1850,1550,144,122,1012,213
Jaipur,2023-08,1852,1207,144,101,1004,194
Jaipur,2023-09,1853,1605,144,141,767,191
Jaipur,2023-10,1855,1272,145,110,1017,249
Jaipur,2023-11,1857,1128,145,102,953,214
Jaipur,2023-12,1859,1101,145,93,669,201
Jaipur,2024-01,1860,1154,145,106,973,216
Jaipur,2024-02,1862,1258,145,112,879,203
Jaipur,2024-03,1864,1138,146,103,608,235
Jaipur,2024-04,1866,1250,146,112,890,187
Jaipur,2024-05,1867,1281,146,118,855,155
Jaipur,2024-06,1869,1323,146,105,632,196
Jaipur,2024-07,1871,1335,147,118,745,172
Jaipur,2024-08,1873,1309,147,108,914,144
Jaipur,2024-09,1874,1459,147,124,783,204
Jaipur,2024-10,1876,1085,147,92,829,199
Jaipur,2024-11,1878,1281,147,118,823,250
Jaipur,2024-12,1880,1301,148,111,831,167
Jaipur,2025-01,1881,1178,148,97,935,181
Jaipur,2025-02,1883,1051,148,89,975,207
Jaipur,2025-03,1885,1172,148,97,976,141
Jaipur,2025-04,1887,1152,149,97,859,162
Jaipur,2025-05,1888,1712,149,148,936,162
Jaipur,2025-06,1890,1343,149,118,716,249
Jaipur,2025-07,1892,1352,149,115,971,195
Jaipur,2025-08,1894,1602,149,131,849,212
Jaipur,2025-09,1895,1224,150,100,923,153
Jaipur,2025-10,1897,1343,150,122,812,203
Jaipur,2025-11,1899,1247,150,113,868,133
Jaipur,2025-12,1901,954,150,85,728,224
Jodhpur,2019-01,1530,992,155,111,588,199
Jodhpur,2019-02,1532,949,155,96,725,173
Jodhpur,2019-03,1533,1027,156,123,524,152
Jodhpur,2019-04,1535,976,156,106,562,210
Jodhpur,2019-05,1536,961,156,99,507,152
Jodhpur,2019-06,1538,1233,156,143,538,161
Jodhpur,2019-07,1539,1012,157,105,686,139
Jodhpur,2019-08,1541,1187,157,138,519,156
Jodhpur,2019-09,1542,1208,157,134,649,113
Jodhpur,2019-10,1544,1140,157,119,550,193
Jodhpur,2019-11,1545,953,158,113,774,212
Jodhpur,2019-12,1547,944,158,107,611,164
Jodhpur,2020-01,1548,1266,158,138,783,194
Jodhpur,2020-02,1550,1034,158,118,707,133
Jodhpur,2020-03,1551,1277,159,139,647,185
Jodhpur,2020-04,1553,1537,159,159,834,205
Jodhpur,2020-05,1554,1203,159,142,682,110
Jodhpur,2020-06,1556,1453,159,155,794,112
Jodhpur,2020-07,1558,1380,160,145,854,118
Jodhpur,2020-08,1559,1516,160,160,814,131
Jodhpur,2020-09,1561,1258,160,133,529,194
Jodhpur,2020-10,1562,1173,160,126,722,142
Jodhpur,2020-11,1564,1246,161,141,735,125
Jodhpur,2020-12,1565,1351,161,157,563,147
Jodhpur,2021-01,1567,1175,161,127,779,154
Jodhpur,2021-02,1568,1340,161,151,762,169
Jodhpur,2021-03,1570,1089,162,127,771,127
Jodhpur,2021-04,1571,1238,162,136,613,165
Jodhpur,2021-05,1573,1240,162,140,753,116
Jodhpur,2021-06,1574,1558,162,162,658,167
Jodhpur,2021-07,1576,1478,163,162,528,161
Jodhpur,2021-08,1577,1403,163,158,617,192
Jodhpur,2021-09,1579,1161,163,129,711,141
Jodhpur,2021-10,1580,1038,164,116,784,145
Jodhpur,2021-11,1582,1073,164,117,704,146
Jodhpur,2021-12,1584,897,164,98,727,209
Jodhpur,2022-01,1585,1044,164,113,838,154
Jodhpur,2022-02,1587,1259,165,148,859,149
Jodhpur,2022-03,1588,891,165,96,694,210
Jodhpur,2022-04,1590,1085,165,116,539,154
Jodhpur,2022-05,1591,1007,165,111,543,121
Jodhpur,2022-06,1593,1156,166,128,846,153
Jodhpur,2022-07,1594,1578,166,166,845,202
Jodhpur,2022-08,1596,1463,166,153,863,117
Jodhpur,2022-09,1597,1112,166,116,554,142
Jodhpur,2022-10,1599,1118,167,123,614,146
Jodhpur,2022-11,1600,1045,167,126,528,203
Jodhpur,2022-12,1602,1056,167,114,801,144
Jodhpur,2023-01,1603,1000,167,112,728,127
Jodhpur,2023-02,1605,992,168,121,836,212
Jodhpur,2023-03,1607,1044,168,111,580,217
Jodhpur,2023-04,1608,1081,168,116,831,159
Jodhpur,2023-05,1610,1081,168,117,601,155
Jodhpur,2023-06,1611,1121,169,124,736,193
Jodhpur,2023-07,1613,1165,169,124,844,145
Jodhpur,2023-08,1614,1170,169,130,525,121
Jodhpur,2023-09,1616,1081,169,115,813,221
Jodhpur,2023-10,1617,1094,170,132,729,205
Jodhpur,2023-11,1619,904,170,97,861,186
Jodhpur,2023-12,1620,942,170,100,852,204
Jodhpur,2024-01,1622,984,171,104,542,198
Jodhpur,2024-02,1623,1150,171,133,644,172
Jodhpur,2024-03,1625,1066,171,126,661,180
Jodhpur,2024-04,1626,1127,171,129,751,208
Jodhpur,2024-05,1628,1211,172,142,786,207
Jodhpur,2024-06,1629,1069,172,129,707,158
Jodhpur,2024-07,1631,1164,172,130,863,132
Jodhpur,2024-08,1633,1207,172,139,774,185
Jodhpur,2024-09,1634,1029,173,119,538,144
Jodhpur,2024-10,1636,1201,173,128,667,123
Jodhpur,2024-11,1637,987,173,115,666,174
Jodhpur,2024-12,1639,916,173,114,633,210
Jodhpur,2025-01,1640,989,174,119,546,220
Jodhpur,2025-02,1642,1043,174,121,801,213
Jodhpur,2025-03,1643,1118,174,139,677,130
Jodhpur,2025-04,1645,1288,174,159,776,178
Jodhpur,2025-05,1646,1222,175,132,691,198
Jodhpur,2025-06,1648,1250,175,138,631,224
Jodhpur,2025-07,1649,1420,175,175,813,139
Jodhpur,2025-08,1651,1332,175,144,776,185
Jodhpur,2025-09,1652,956,176,106,844,119
Jodhpur,2025-10,1654,1103,176,127,868,225
Jodhpur,2025-11,1655,1107,176,134,813,207
Jodhpur,2025-12,1657,1159,176,134,820,134
Udaipur,2019-01,1886,1175,194,124,802,160
Udaipur,2019-02,1888,1134,194,117,751,225
Udaipur,2019-03,1890,1381,195,162,624,181
Udaipur,2019-04,1892,1532,195,169,969,223
Udaipur,2019-05,1894,1200,195,138,733,203
Udaipur,2019-06,1895,1216,196,145,966,176
Udaipur,2019-07,1897,1724,196,196,829,260
Udaipur,2019-08,1899,1408,196,160,970,188
Udaipur,2019-09,1901,1590,197,193,764,198
Udaipur,2019-10,1903,1208,197,143,826,152
Udaipur,2019-11,1905,1464,197,172,758,149
Udaipur,2019-12,1907,1215,198,130,805,200
Udaipur,2020-01,1909,1264,198,152,985,227
Udaipur,2020-02,1911,1481,198,159,768,216
Udaipur,2020-03,1912,1415,199,155,635,216
Udaipur,2020-04,1914,1597,199,193,731,155
Udaipur,2020-05,1916,1525,199,172,872,203
Udaipur,2020-06,1918,1899,199,199,639,247
Udaipur,2020-07,1920,1893,200,200,962,250
Udaipur,2020-08,1922,1612,200,189,878,231
Udaipur,2020-09,1924,1734,200,185,823,250
Udaipur,2020-10,1926,1555,201,186,707,258
Udaipur,2020-11,1927,1435,201,152,738,202
Udaipur,2020-12,1929,1600,201,176,1007,137
Udaipur,2021-01,1931,1424,202,158,778,139
Udaipur,2021-02,1933,1266,202,154,655,222
Udaipur,2021-03,1935,1323,202,152,629,263
Udaipur,2021-04,1937,1368,203,144,730,196
Udaipur,2021-05,1939,1862,203,196,644,173
Udaipur,2021-06,1941,1714,203,181,901,214
Udaipur,2021-07,1943,1684,204,183,950,194
Udaipur,2021-08,1944,1835,204,202,881,202
Udaipur,2021-09,1946,1475,204,170,887,175
Udaipur,2021-10,1948,1736,205,184,668,197
Udaipur,2021-11,1950,1016,205,118,720,240
Udaipur,2021-12,1952,1177,205,145,929,195
Udaipur,2022-01,1954,1307,206,139,778,272
Udaipur,2022-02,1956,1112,206,124,667,237
Udaipur,2022-03,1958,1269,206,143,954,200
Udaipur,2022-04,1960,1395,207,150,662,241
Udaipur,2022-05,1961,1420,207,153,714,143
Udaipur,2022-06,1963,1360,207,157,1054,269
Udaipur,2022-07,1965,1465,208,165,990,181
Udaipur,2022-08,1967,1420,208,171,877,169
Udaipur,2022-09,1969,1277,208,146,1024,222
Udaipur,2022-10,1971,1169,209,139,844,219
Udaipur,2022-11,1973,1361,209,147,884,154
Udaipur,2022-12,1975,1245,209,142,770,275
Udaipur,2023-01,1977,1611,210,184,1026,174
Udaipur,2023-02,1978,1166,210,137,829,162
Udaipur,2023-03,1980,1313,210,142,994,174
Udaipur,2023-04,1982,1278,210,154,660,236
Udaipur,2023-05,1984,1225,211,135,752,240
Udaipur,2023-06,1986,1443,211,167,961,185
Udaipur,2023-07,1988,1423,211,158,905,239
Udaipur,2023-08,1990,1167,212,126,770,217
Udaipur,2023-09,1992,1428,212,165,801,205
Udaipur,2023-10,1994,1393,212,173,909,142
Udaipur,2023-11,1995,1202,213,130,796,184
Udaipur,2023-12,1997,1259,213,143,883,170
Udaipur,2024-01,1999,1269,213,159,928,156
Udaipur,2024-02,2001,1242,214,150,972,180
Udaipur,2024-03,2003,1045,214,122,957,158
Udaipur,2024-04,2005,1250,214,135,646,148
Udaipur,2024-05,2007,1369,215,152,700,197
Udaipur,2024-06,2009,1344,215,153,1065,165
Udaipur,2024-07,2010,1591,215,196,1001,189
Udaipur,2024-08,2012,1441,216,161,934,199
Udaipur,2024-09,2014,1541,216,188,816,226
Udaipur,2024-10,2016,1463,216,170,764,262
Udaipur,2024-11,2018,1434,217,176,835,184
Udaipur,2024-12,2020,1270,217,150,735,271
Udaipur,2025-01,2022,1290,217,157,1027,237
Udaipur,2025-02,2024,1377,218,156,836,229
Udaipur,2025-03,2026,1464,218,176,669,174
Udaipur,2025-04,2027,1380,218,168,677,205
Udaipur,2025-05,2029,1487,219,172,879,250
Udaipur,2025-06,2031,1611,219,189,776,264
Udaipur,2025-07,2033,1647,219,184,913,189
Udaipur,2025-08,2035,1418,220,166,881,185
Udaipur,2025-09,2037,1585,220,176,988,275
Udaipur,2025-10,2039,1414,220,156,875,243
Udaipur,2025-11,2041,1197,221,134,825,200
Udaipur,2025-12,2043,1288,221,156,1081,259
Lucknow,2019-01,2190,1140,114,67,957,302
Lucknow,2019-02,2192,1317,114,78,1173,274
Lucknow,2019-03,2194,1435,114,86,948,268
Lucknow,2019-04,2197,1533,115,90,956,209
Lucknow,2019-05,2199,1895,115,101,1187,176
Lucknow,2019-06,2201,1867,115,105,777,165
Lucknow,2019-07,2203,1650,115,101,1033,306
Lucknow,2019-08,2205,1502,115,82,1175,298
Lucknow,2019-09,2208,1171,116,65,932,205
Lucknow,2019-10,2210,1828,116,106,1043,190
Lucknow,2019-11,2212,1538,116,91,1128,173
Lucknow,2019-12,2214,1393,116,78,1003,184
Lucknow,2020-01,2216,1500,116,81,1024,244
Lucknow,2020-02,2218,1891,116,106,1169,308
Lucknow,2020-03,2221,1588,117,86,1091,224
Lucknow,2020-04,2223,1717,117,103,1178,196
Lucknow,2020-05,2225,2150,117,114,943,236
Lucknow,2020-06,2227,1976,117,108,728,232
Lucknow,2020-07,2229,2062,117,117,934,218
Lucknow,2020-08,2232,2210,118,118,1208,183
Lucknow,2020-09,2234,1842,118,105,1057,275
Lucknow,2020-10,2236,2029,118,118,1051,157
Lucknow,2020-11,2238,1554,118,95,1076,217
Lucknow,2020-12,2240,1232,118,75,791,260
Lucknow,2021-01,2243,1889,119,108,796,269
Lucknow,2021-02,2245,2014,119,119,1064,218
Lucknow,2021-03,2247,1551,119,94,1213,261
Lucknow,2021-04,2249,1808,119,96,983,292
Lucknow,2021-05,2251,1764,119,101,999,263
Lucknow,2021-06,2254,2231,120,120,1154,277
Lucknow,2021-07,2256,2102,120,117,1178,199
Lucknow,2021-08,2258,2134,120,120,926,169
Lucknow,2021-09,2260,1820,120,104,1074,303
Lucknow,2021-10,2262,1542,120,87,1224,179
Lucknow,2021-11,2264,1373,120,79,729,308
Lucknow,2021-12,2267,1382,121,85,977,297
Lucknow,2022-01,2269,1386,121,77,1080,204
Lucknow,2022-02,2271,1499,121,87,872,179
Lucknow,2022-03,2273,1921,121,116,1034,245
Lucknow,2022-04,2275,1568,121,88,1194,257
Lucknow,2022-05,2278,1656,122,94,797,289
Lucknow,2022-06,2280,1755,122,101,1108,301
Lucknow,2022-07,2282,1651,122,95,1150,262
Lucknow,2022-08,2284,1804,122,112,916,219
Lucknow,2022-09,2286,1902,122,105,1008,174
Lucknow,2022-10,2289,1490,123,86,822,172
Lucknow,2022-11,2291,1556,123,94,1100,176
Lucknow,2022-12,2293,1455,123,84,851,181
Lucknow,2023-01,2295,1412,123,88,1104,223
Lucknow,2023-02,2297,1476,123,85,1004,306
Lucknow,2023-03,2300,1131,123,67,902,219
Lucknow,2023-04,2302,1901,124,109,1045,276
Lucknow,2023-05,2304,1688,124,91,1106,267
Lucknow,2023-06,2306,1385,124,78,1091,258
Lucknow,2023-07,2308,1811,124,102,935,187
Lucknow,2023-08,2310,1669,124,94,811,213
Lucknow,2023-09,2313,1689,125,98,1096,229
Lucknow,2023-10,2315,1420,125,86,1123,264
Lucknow,2023-11,2317,1475,125,83,867,250
Lucknow,2023-12,2319,1296,125,74,772,190
Lucknow,2024-01,2321,1516,125,95,810,227
Lucknow,2024-02,2324,1286,126,80,1208,218
Lucknow,2024-03,2326,1190,126,73,812,256
Lucknow,2024-04,2328,1552,126,98,1234,175
Lucknow,2024-05,2330,1316,126,77,923,270
Lucknow,2024-06,2332,1717,126,109,854,326
Lucknow,2024-07,2335,1754,127,105,934,205
Lucknow,2024-08,2337,1752,127,101,1136,259
Lucknow,2024-09,2339,1654,127,104,957,253
Lucknow,2024-10,2341,1742,127,103,1175,234
Lucknow,2024-11,2343,1550,127,95,822,255
Lucknow,2024-12,2345,1394,127,77,1170,218
Lucknow,2025-01,2348,1103,128,63,942,249
Lucknow,2025-02,2350,1246,128,74,832,242
Lucknow,2025-03,2352,1616,128,100,981,282
Lucknow,2025-04,2354,1512,128,89,1255,259
Lucknow,2025-05,2356,1646,128,103,782,214
Lucknow,2025-06,2359,2026,129,120,823,295
Lucknow,2025-07,2361,1891,129,115,1065,314
Lucknow,2025-08,2363,1909,129,110,1212,250
Lucknow,2025-09,2365,1776,129,100,1209,244
Lucknow,2025-10,2367,1493,129,84,1281,182
Lucknow,2025-11,2370,1793,130,113,962,308
Lucknow,2025-12,2372,1601,130,99,1288,311
Varanasi,2019-01,1759,1076,151,102,846,213
Varanasi,2019-02,1761,977,151,94,754,199
Varanasi,2019-03,1763,1203,152,105,614,243
Varanasi,2019-04,1764,1067,152,108,759,131
Varanasi,2019-05,1766,1339,152,127,929,182
Varanasi,2019-06,1768,1496,152,136,773,242
Varanasi,2019-07,1770,1043,153,91,775,228
Varanasi,2019-08,1771,1106,153,101,953,186
Varanasi,2019-09,1773,1257,153,116,965,248
Varanasi,2019-10,1775,1297,153,117,744,167
Varanasi,2019-11,1777,1051,154,96,737,140
Varanasi,2019-12,1778,1007,154,91,925,238
Varanasi,2020-01,1780,1335,154,131,755,151
Varanasi,2020-02,1782,1437,154,142,677,192
Varanasi,2020-03,1784,1283,155,121,574,132
Varanasi,2020-04,1785,1419,155,125,796,245
Varanasi,2020-05,1787,1460,155,140,969,247
Varanasi,2020-06,1789,1771,155,155,791,240
Varanasi,2020-07,1791,1136,156,116,613,165
Varanasi,2020-08,1792,1494,156,148,835,186
Varanasi,2020-09,1794,1715,156,156,685,178
Varanasi,2020-10,1796,1353,156,139,936,144
Varanasi,2020-11,1798,1573,157,157,928,246
Varanasi,2020-12,1799,1478,157,146,876,183
Varanasi,2021-01,1801,1286,157,117,935,146
Varanasi,2021-02,1803,1615,157,141,793,218
Varanasi,2021-03,1805,1584,158,148,987,171
Varanasi,2021-04,1806,1525,158,146,616,238
Varanasi,2021-05,1808,1788,158,158,674,224
Varanasi,2021-06,1810,1792,158,158,590,237
Varanasi,2021-07,1812,1347,159,132,634,227
Varanasi,2021-08,1814,1616,159,143,876,230
Varanasi,2021-09,1815,1360,159,126,971,241
Varanasi,2021-10,1817,1473,159,140,974,174
Varanasi,2021-11,1819,1102,160,97,842,178
Varanasi,2021-12,1821,1047,160,100,847,233
Varanasi,2022-01,1822,971,160,95,751,179
Varanasi,2022-02,1824,1247,160,120,992,210
Varanasi,2022-03,1826,1170,161,111,840,252
Varanasi,2022-04,1828,1462,161,129,664,241
Varanasi,2022-05,1829,1348,161,131,973,207
Varanasi,2022-06,1831,1241,161,122,729,240
Varanasi,2022-07,1833,1466,162,131,807,170
Varanasi,2022-08,1835,1428,162,138,763,240
Varanasi,2022-09,1836,1344,162,127,852,222
Varanasi,2022-10,1838,1202,162,116,882,182
Varanasi,2022-11,1840,863,163,84,828,219
Varanasi,2022-12,1842,1111,163,112,936,212
Varanasi,2023-01,1843,1087,163,108,662,245
Varanasi,2023-02,1845,1016,163,105,723,220
Varanasi,2023-03,1847,1160,164,119,970,240
Varanasi,2023-04,1849,1239,164,112,947,231
Varanasi,2023-05,1850,1497,164,146,771,192
Varanasi,2023-06,1852,1361,164,127,626,146
Varanasi,2023-07,1854,1315,165,132,875,165
Varanasi,2023-08,1856,1245,165,118,807,165
Varanasi,2023-09,1858,1160,165,113,712,141
Varanasi,2023-10,1859,1116,165,102,701,245
Varanasi,2023-11,1861,1028,166,95,765,255
Varanasi,2023-12,1863,1351,166,123,833,184
Varanasi,2024-01,1865,1107,166,103,962,207
Varanasi,2024-02,1866,1031,166,104,784,209
Varanasi,2024-03,1868,1168,167,112,1005,189
Varanasi,2024-04,1870,1174,167,106,800,211
Varanasi,2024-05,1872,1375,167,139,723,157
Varanasi,2024-06,1873,1365,167,123,877,146
Varanasi,2024-07,1875,1580,168,155,966,189
Varanasi,2024-08,1877,1555,168,141,918,150
Varanasi,2024-09,1879,1245,168,128,723,263
Varanasi,2024-10,1880,1136,168,119,865,250
Varanasi,2024-11,1882,1139,169,120,937,243
Varanasi,2024-12,1884,1042,169,96,722,151
Varanasi,2025-01,1886,1187,169,120,966,228
Varanasi,2025-02,1887,1265,169,120,876,138
Varanasi,2025-03,1889,1326,170,127,786,247
Varanasi,2025-04,1891,1061,170,105,989,263
Varanasi,2025-05,1893,1300,170,137,867,206
Varanasi,2025-06,1894,1435,170,130,985,172
Varanasi,2025-07,1896,1422,171,144,925,224
Varanasi,2025-08,1898,1666,171,170,1040,213
Varanasi,2025-09,1900,1341,171,139,952,160
Varanasi,2025-10,1901,1194,171,122,996,251
Varanasi,2025-11,1903,1256,172,125,879,247
Varanasi,2025-12,1905,1216,172,127,897,137
Gorakhpur,2019-01,589,327,65,40,230,55
Gorakhpur,2019-02,590,359,65,46,316,50
Gorakhpur,2019-03,590,483,65,60,204,55
Gorakhpur,2019-04,591,449,65,51,275,58
Gorakhpur,2019-05,591,353,65,45,277,61
Gorakhpur,2019-06,592,472,66,58,260,50
Gorakhpur,2019-07,593,393,66,48,203,62
Gorakhpur,2019-08,593,443,66,49,292,79
Gorakhpur,2019-09,594,430,66,51,300,43
Gorakhpur,2019-10,594,414,66,50,275,45
Gorakhpur,2019-11,595,395,66,49,302,55
Gorakhpur,2019-12,595,350,66,40,207,44
Gorakhpur,2020-01,596,494,66,59,204,72
Gorakhpur,2020-02,597,421,66,52,205,74
Gorakhpur,2020-03,597,407,67,49,325,51
Gorakhpur,2020-04,598,478,67,59,238,48
Gorakhpur,2020-05,598,592,67,67,269,51
Gorakhpur,2020-06,599,524,67,67,197,63
Gorakhpur,2020-07,600,548,67,63,197,69
Gorakhpur,2020-08,600,600,67,67,250,79
Gorakhpur,2020-09,601,536,67,64,252,72
Gorakhpur,2020-10,601,538,67,65,317,66
Gorakhpur,2020-11,602,588,67,67,324,45
Gorakhpur,2020-12,603,502,67,59,298,58
Gorakhpur,2021-01,603,429,68,54,254,65
Gorakhpur,2021-02,604,415,68,52,210,48
Gorakhpur,2021-03,604,450,68,55,263,70
Gorakhpur,2021-04,605,566,68,68,266,71
Gorakhpur,2021-05,605,599,68,68,298,78
Gorakhpur,2021-06,606,597,68,68,316,80
Gorakhpur,2021-07,607,540,68,66,280,79
Gorakhpur,2021-08,607,567,68,65,235,67
Gorakhpur,2021-09,608,464,68,54,277,50
Gorakhpur,2021-10,608,387,69,46,272,75
Gorakhpur,2021-11,609,346,69,42,294,60
Gorakhpur,2021-12,610,446,69,59,237,75
Gorakhpur,2022-01,610,423,69,56,213,82
Gorakhpur,2022-02,611,319,69,37,228,80
Gorakhpur,2022-03,611,364,69,48,211,75
Gorakhpur,2022-04,612,420,69,52,244,59
Gorakhpur,2022-05,613,420,69,53,251,60
Gorakhpur,2022-06,613,433,69,52,299,75
Gorakhpur,2022-07,614,428,70,55,234,69
Gorakhpur,2022-08,614,390,70,45,200,63
Gorakhpur,2022-09,615,441,70,58,336,49
Gorakhpur,2022-10,616,428,70,50,265,76
Gorakhpur,2022-11,616,398,70,46,290,62
Gorakhpur,2022-12,617,389,70,47,291,81
Gorakhpur,2023-01,617,385,70,49,310,74
Gorakhpur,2023-02,618,411,70,47,226,63
Gorakhpur,2023-03,618,381,70,45,201,82
Gorakhpur,2023-04,619,381,71,49,287,71
Gorakhpur,2023-05,620,477,71,60,294,43
Gorakhpur,2023-06,620,542,71,70,264,62
Gorakhpur,2023-07,621,565,71,71,237,66
Gorakhpur,2023-08,621,529,71,66,331,43
Gorakhpur,2023-09,622,492,71,66,289,81
Gorakhpur,2023-10,623,414,71,54,277,82
Gorakhpur,2023-11,623,371,71,43,277,58
Gorakhpur,2023-12,624,353,71,46,241,66
Gorakhpur,2024-01,624,374,72,46,278,70
Gorakhpur,2024-02,625,417,72,54,296,49
Gorakhpur,2024-03,626,344,72,43,339,87
Gorakhpur,2024-04,626,461,72,56,265,81
Gorakhpur,2024-05,627,420,72,55,292,53
Gorakhpur,2024-06,627,462,72,59,275,66
Gorakhpur,2024-07,628,455,72,60,254,55
Gorakhpur,2024-08,628,460,72,55,335,72
Gorakhpur,2024-09,629,451,72,54,303,74
Gorakhpur,2024-10,630,416,72,52,338,71
Gorakhpur,2024-11,630,497,73,68,299,70
Gorakhpur,2024-12,631,372,73,47,270,75
Gorakhpur,2025-01,631,354,73,43,346,50
Gorakhpur,2025-02,632,408,73,51,303,75
Gorakhpur,2025-03,633,443,73,58,224,67
Gorakhpur,2025-04,633,422,73,54,261,70
Gorakhpur,2025-05,634,424,73,57,289,65
Gorakhpur,2025-06,634,486,73,64,213,54
Gorakhpur,2025-07,635,587,73,69,299,55
Gorakhpur,2025-08,636,548,74,69,230,67
Gorakhpur,2025-09,636,422,74,57,334,55
Gorakhpur,2025-10,637,457,74,56,335,76
Gorakhpur,2025-11,637,385,74,46,223,64
Gorakhpur,2025-12,638,431,74,51,267,82
Gorakhpur,2025-12,638,431
Gorakhpur,2025-12,638,431,74,51,267,82,EXTRA_UNMAPPED_CELL
Gorakhpur,2025-12,NOT_A_NUMBER,431,74,51,267,82
