district,month,households_covered,target_households,functional_tap_pct,capex_released_cr,capex_spent_cr
Kanpur Nagar,2019-01,111531,394104,24.6,1.4,0.35
Kanpur Nagar,2019-02,112832,394104,23.9,4.56,0.79
Kanpur Nagar,2019-03,115354,394104,27,5.48,1.29
Kanpur Nagar,2019-04,119689,394104,25.9,11.6,2.58
Kanpur Nagar,2019-05,123669,394104,30.7,18.76,5.35
Kanpur Nagar,2019-06,125206,394104,26.4,25.89,5.78
Kanpur Nagar,2019-07,126112,394104,29.6,26.85,7.98
Kanpur Nagar,2019-08,127491,394104,27,32.85,9.39
Kanpur Nagar,2019-09,129895,394104,27.8,33.82,11.93
Kanpur Nagar,2019-10,132378,394104,27.8,34.39,12.67
Kanpur Nagar,2019-11,136950,394104,32.2,35.08,12.83
Kanpur Nagar,2019-12,138172,394104,34.7,42.02,13.1
Kanpur Nagar,2020-01,139315,394104,30.4,44.7,13.59
Kanpur Nagar,2020-02,141640,394104,30.7,47.03,16.48
Kanpur Nagar,2020-03,144320,394104,32.8,48.58,16.85
Kanpur Nagar,2020-04,146448,394104,34.3,49.93,18.17
Kanpur Nagar,2020-05,150744,394104,35.5,56.94,20.54
Kanpur Nagar,2020-06,153187,394104,38.4,63.56,21.44
Kanpur Nagar,2020-07,154685,394104,34.2,69.02,22.94
Kanpur Nagar,2020-08,158744,394104,35.6,74.82,25.52
Kanpur Nagar,2020-09,162843,394104,35,81.19,27.66
Kanpur Nagar,2020-10,164774,394104,34.5,84.53,29.48
Kanpur Nagar,2020-11,166075,394104,35.3,91.86,30.23
Kanpur Nagar,2020-12,169937,394104,36,98.81,32.77
Kanpur Nagar,2021-01,173720,394104,41.3,105.46,33.63
Kanpur Nagar,2021-02,176006,394104,37.7,108.62,34.48
Kanpur Nagar,2021-03,179119,394104,44.2,112.81,36.41
Kanpur Nagar,2021-04,183178,394104,44.3,120.21,38.15
Kanpur Nagar,2021-05,186291,394104,41.3,127.15,40.34
Kanpur Nagar,2021-06,190981,394104,47.9,132.4,42.03
Kanpur Nagar,2021-07,195316,394104,42.9,138.88,43.9
Kanpur Nagar,2021-08,197089,394104,48.1,143.54,45.73
Kanpur Nagar,2021-09,198390,394104,41.4,144.69,48.18
Kanpur Nagar,2021-10,203080,394104,42.7,147.79,49.97
Kanpur Nagar,2021-11,205011,394104,43.3,151.78,52.95
Kanpur Nagar,2021-12,205878,394104,49.3,158.35,53.73
Kanpur Nagar,2022-01,209937,394104,50.7,159.66,56.16
Kanpur Nagar,2022-02,212065,394104,49,166.56,58.07
Kanpur Nagar,2022-03,213602,394104,52.9,168.25,59.07
Kanpur Nagar,2022-04,217070,394104,48.4,171.38,62.06
Kanpur Nagar,2022-05,218173,394104,45.5,177.51,62.71
Kanpur Nagar,2022-06,220183,394104,47.2,181.36,62.96
Kanpur Nagar,2022-07,224163,394104,55.6,182.7,64.16
Kanpur Nagar,2022-08,228341,394104,56.4,184.26,66.82
Kanpur Nagar,2022-09,229287,394104,51.7,186.14,68.24
Kanpur Nagar,2022-10,230903,394104,48.3,192.34,70.39
Kanpur Nagar,2022-11,232282,394104,54.6,199.33,73.32
Kanpur Nagar,2022-12,234528,394104,51.6,206.18,73.37
Kanpur Nagar,2023-01,239178,394104,53.2,207.19,74.12
Kanpur Nagar,2023-02,240439,394104,56.4,209.46,74.56
Kanpur Nagar,2023-03,241858,394104,57.1,213.85,74.65
Kanpur Nagar,2023-04,245838,394104,53.6,217.51,77.17
Kanpur Nagar,2023-05,247651,394104,57,222,79.41
Kanpur Nagar,2023-06,250173,394104,52.1,226.67,81.32
Kanpur Nagar,2023-07,252301,394104,54.9,229.55,82.34
Kanpur Nagar,2023-08,256281,394104,63.7,231.35,82.63
Kanpur Nagar,2023-09,257936,394104,63.6,238.28,83.34
Kanpur Nagar,2023-10,261995,394104,58.4,242.28,84.08
Kanpur Nagar,2023-11,265305,394104,62.3,246.53,86.29
Kanpur Nagar,2023-12,268773,394104,66.6,248.54,86.93
Kanpur Nagar,2024-01,270349,394104,57.5,254.42,87.37
Kanpur Nagar,2024-02,271374,394104,66.2,258.83,88.68
Kanpur Nagar,2024-03,274724,394104,60.9,263.83,88.88
Kanpur Nagar,2024-04,276340,394104,66.3,266.42,89.87
Kanpur Nagar,2024-05,277443,394104,63.2,268.34,90.86
Kanpur Nagar,2024-06,279492,394104,65.6,272.23,91.51
Kanpur Nagar,2024-07,282054,394104,66,275.24,93.11
Kanpur Nagar,2024-08,284143,394104,60.1,279.83,93.39
Kanpur Nagar,2024-09,285049,394104,66,281.55,94.02
Kanpur Nagar,2024-10,286625,394104,69,285.11,94.11
Kanpur Nagar,2024-11,288044,394104,67.5,285.71,94.62
Kanpur Nagar,2024-12,290251,394104,63.9,290.34,95.5
Kanpur Nagar,2025-01,294665,394104,66.5,295.31,95.83
Kanpur Nagar,2025-02,295493,394104,73.6,302.06,98.06
Kanpur Nagar,2025-03,299079,394104,73.5,302.78,98.21
Kanpur Nagar,2025-04,302784,394104,71.1,308.66,98.77
Kanpur Nagar,2025-05,306804,394104,76.1,314.11,99.58
Kanpur Nagar,2025-06,308026,394104,73.5,321.1,100.1
Kanpur Nagar,2025-07,312440,394104,69.4,322.58,100.89
Kanpur Nagar,2025-08,313583,394104,73.5,326.2,103.16
Kanpur Nagar,2025-09,315041,394104,67.9,330.11,105.62
Kanpur Nagar,2025-10,317957,394104,76.8,335.13,107.34
Kanpur Nagar,2025-11,319415,394104,78,337.76,109.91
Kanpur Nagar,2025-12,323868,394104,79.5,342.86,110.66
Patna,2019-01,90726,340435,25.9,0.97,0.97
Patna,2019-02,94403,340435,24.6,4.63,1.82
Patna,2019-03,95935,340435,24.8,6.43,4.37
Patna,2019-04,98216,340435,26.9,13.85,6.09
Patna,2019-05,101757,340435,28.9,18.34,6.38
Patna,2019-06,105093,340435,28.7,24.06,8.62
Patna,2019-07,107306,340435,28.8,27.55,9.77
Patna,2019-08,110336,340435,28.2,32.43,10.77
Patna,2019-09,111357,340435,29.7,33.55,11.53
Patna,2019-10,114932,340435,32.2,35.62,12.01
Patna,2019-11,115749,340435,31.4,39.2,13.3
Patna,2019-12,119562,340435,33.9,43.13,16.18
Patna,2020-01,123239,340435,30.4,48.84,16.68
Patna,2020-02,125282,340435,35,53.35,19.74
Patna,2020-03,128550,340435,34.6,60.47,22.04
Patna,2020-04,130048,340435,34.4,65.57,22.84
Patna,2020-05,130763,340435,31.8,68.84,23.71
Patna,2020-06,134338,340435,35.9,72.54,25.54
Patna,2020-07,135802,340435,36.5,79.08,26.39
Patna,2020-08,136721,340435,35.5,86.45,26.89
Patna,2020-09,139376,340435,34.6,92.06,29.82
Patna,2020-10,140397,340435,36.3,96.93,30.81
Patna,2020-11,143563,340435,40,102.64,31.14
Patna,2020-12,147410,340435,41.4,106.64,31.2
Patna,2021-01,149248,340435,38.6,114.12,33.41
Patna,2021-02,150099,340435,38.6,118.47,34.33
Patna,2021-03,152312,340435,36.7,124.97,34.7
Patna,2021-04,154967,340435,39.1,128.7,35.3
Patna,2021-05,158882,340435,42.5,131.97,35.85
Patna,2021-06,161197,340435,42,135.57,36.11
Patna,2021-07,162831,340435,39.6,142.52,36.59
Patna,2021-08,164431,340435,44.4,147.73,37.84
Patna,2021-09,167086,340435,43,152.51,40.34
Patna,2021-10,169673,340435,43.8,155.22,40.84
Patna,2021-11,171920,340435,47.4,157.9,41.41
Patna,2021-12,174269,340435,42.9,164.07,41.55
Patna,2022-01,176788,340435,50,164.68,43.96
Patna,2022-02,178354,340435,47.9,171.92,44.31
Patna,2022-03,181520,340435,44.6,174.74,45.45
Patna,2022-04,182507,340435,47.8,176.29,46.26
Patna,2022-05,184754,340435,46.7,181.98,47.1
Patna,2022-06,186729,340435,53.8,188.19,47.26
Patna,2022-07,189180,340435,51.2,191.97,48.52
Patna,2022-08,190303,340435,50.6,194.02,48.7
Patna,2022-09,192482,340435,54.4,195.03,49.5
Patna,2022-10,194286,340435,54.6,197.13,50.48
Patna,2022-11,195273,340435,50.4,201.8,51.12
Patna,2022-12,197554,340435,52.4,203.82,54
Patna,2023-01,198848,340435,49.3,210.66,56.01
Patna,2023-02,200720,340435,56.3,213.65,56.17
Patna,2023-03,201877,340435,55.4,217.24,57.15
Patna,2023-04,205690,340435,52.7,220.9,58
Patna,2023-05,206950,340435,54.6,228.06,58.71
Patna,2023-06,208448,340435,59.8,231.43,60.7
Patna,2023-07,211001,340435,53.6,235.16,62.36
Patna,2023-08,212158,340435,51.3,236.5,65.44
Patna,2023-09,214133,340435,56.6,238.75,67.71
Patna,2023-10,217605,340435,52.7,243.94,70.8
Patna,2023-11,221214,340435,61.7,251.41,71.13
Patna,2023-12,223631,340435,58.6,256.02,71.72
Patna,2024-01,225299,340435,63,262.86,72.07
Patna,2024-02,228567,340435,66.1,263.59,73.68
Patna,2024-03,229724,340435,63,265.13,73.78
Patna,2024-04,231664,340435,65.1,267.07,73.91
Patna,2024-05,234762,340435,67.4,268.17,75.79
Patna,2024-06,235443,340435,66.5,269.19,76.48
Patna,2024-07,238473,340435,63.3,270.8,76.85
Patna,2024-08,241503,340435,64,273.1,79.29
Patna,2024-09,245418,340435,67,279.74,80.83
Patna,2024-10,247665,340435,70.2,284.59,81.4
Patna,2024-11,249708,340435,67.2,290.98,82.18
Patna,2024-12,251444,340435,68.2,292.87,84.32
Patna,2025-01,255427,340435,70.9,299.89,86.98
Patna,2025-02,259308,340435,71.7,304.74,87.23
Patna,2025-03,262644,340435,67.2,305.41,88.92
Patna,2025-04,263427,340435,64.4,307.1,90.38
Patna,2025-05,267138,340435,70.1,314.19,91.43
Patna,2025-06,270100,340435,68.7,315.76,92.14
Patna,2025-07,271394,340435,76.8,316.37,92.81
Patna,2025-08,273369,340435,71.2,318.29,95.27
Patna,2025-09,276875,340435,67.5,323.75,96.96
Patna,2025-10,279735,340435,79.9,329.67,99.45
Patna,2025-11,282458,340435,68.9,334.22,99.75
Patna,2025-12,285692,340435,70.7,335.13,99.98
Gaya,2019-01,75443,514973,12,6.55,1.91
Gaya,2019-02,80902,514973,13.4,11.57,3.43
Gaya,2019-03,85279,514973,15.9,18.78,4.11
Gaya,2019-04,87545,514973,16,24.93,4.4
Gaya,2019-05,91150,514973,14.8,30.93,7.2
Gaya,2019-06,93107,514973,15.1,34.01,8.01
Gaya,2019-07,96145,514973,16.3,37.88,8.93
Gaya,2019-08,99441,514973,18.3,42.71,11.52
Gaya,2019-09,104848,514973,18.6,44.91,12.42
Gaya,2019-10,107371,514973,18.2,45.42,15.36
Gaya,2019-11,109482,514973,17.7,49.28,17.8
Gaya,2019-12,115044,514973,20.9,51.31,19.67
Gaya,2020-01,118752,514973,21.6,58.58,19.73
Gaya,2020-02,124211,514973,23.5,64.55,21.15
Gaya,2020-03,127970,514973,24.2,67.58,22.79
Gaya,2020-04,130081,514973,21.9,70.73,23.14
Gaya,2020-05,133222,514973,24.9,73.08,26.04
Gaya,2020-06,135642,514973,24.4,78.54,28.97
Gaya,2020-07,138835,514973,24.7,79.73,29.34
Gaya,2020-08,141204,514973,22.6,85.43,29.73
Gaya,2020-09,146972,514973,25.3,88.79,32.29
Gaya,2020-10,152276,514973,27.5,92.96,32.99
Gaya,2020-11,157683,514973,29.1,99.31,34.61
Gaya,2020-12,161957,514973,29.4,102.7,36.58
Gaya,2021-01,165304,514973,26.5,103.25,37.34
Gaya,2021-02,168085,514973,29.1,110.01,37.64
Gaya,2021-03,173647,514973,30.1,117.26,40.18
Gaya,2021-04,176994,514973,32.8,120.93,41.4
Gaya,2021-05,178075,514973,30.2,126.87,44.09
Gaya,2021-06,183843,514973,32,131.5,44.46
Gaya,2021-07,188014,514973,33.5,131.97,45.51
Gaya,2021-08,191722,514973,35.9,138.44,46.3
Gaya,2021-09,197644,514973,33.2,142.79,48.17
Gaya,2021-10,203206,514973,34.4,149.85,49.51
Gaya,2021-11,206399,514973,33,156.67,50.18
Gaya,2021-12,209540,514973,35.3,158.28,51.93
Gaya,2022-01,212475,514973,35.3,163.85,54.47
Gaya,2022-02,214947,514973,38.7,169.34,54.82
Gaya,2022-03,217985,514973,41.9,173.22,55.16
Gaya,2022-04,219993,514973,41.6,174.22,55.51
Gaya,2022-05,223495,514973,36.4,176.31,56.29
Gaya,2022-06,226997,514973,42.5,177.39,56.84
Gaya,2022-07,228284,514973,39.5,177.86,57.37
Gaya,2022-08,234052,514973,43.9,182.73,59.8
Gaya,2022-09,235339,514973,43.7,187.02,61.52
Gaya,2022-10,236523,514973,39.3,187.61,62.47
Gaya,2022-11,240591,514973,43.8,194.4,63.21
Gaya,2022-12,241827,514973,44.5,196.01,65.31
Gaya,2023-01,243681,514973,39,198.79,66.39
Gaya,2023-02,249346,514973,45.5,200.05,68.69
Gaya,2023-03,255217,514973,43.1,205.19,69.05
Gaya,2023-04,258358,514973,44,208.17,69.85
Gaya,2023-05,262375,514973,46.6,214.49,70.7
Gaya,2023-06,265980,514973,47.2,215.07,70.97
Gaya,2023-07,269430,514973,51.3,217.91,73.9
Gaya,2023-08,273498,514973,50.2,221.32,74.03
Gaya,2023-09,279317,514973,50.6,227.54,77.08
Gaya,2023-10,283076,514973,52.3,231.43,78.71
Gaya,2023-11,288638,514973,48.7,234.91,80.86
Gaya,2023-12,290492,514973,52.9,239.82,81.81
Gaya,2024-01,292964,514973,53.6,245.69,82.39
Gaya,2024-02,296929,514973,53.8,246.65,84.13
Gaya,2024-03,299607,514973,55.6,253.43,84.73
Gaya,2024-04,304396,514973,53.7,258.64,87.12
Gaya,2024-05,307280,514973,58.3,259.05,90.06
Gaya,2024-06,311554,514973,58.9,264.68,91.43
Gaya,2024-07,312944,514973,50.8,271.18,93.84
Gaya,2024-08,317321,514973,60.3,276.57,95.38
Gaya,2024-09,323295,514973,54.3,283.68,95.76
Gaya,2024-10,329423,514973,62.4,284.43,97.16
Gaya,2024-11,332667,514973,57.5,290.51,97.71
Gaya,2024-12,338229,514973,59.2,293.92,98.22
Gaya,2025-01,340186,514973,62.6,296.63,98.77
Gaya,2025-02,341525,514973,60.7,303.25,99.65
Gaya,2025-03,347138,514973,64.9,307.41,100.3
Gaya,2025-04,349249,514973,60,313.64,103
Gaya,2025-05,355326,514973,60,316.3,103.12
Gaya,2025-06,359034,514973,62.6,322.5,105.71
Gaya,2025-07,364184,514973,60.2,323.63,108.24
Gaya,2025-08,370055,514973,61.4,329.22,109.28
Gaya,2025-09,372269,514973,69.6,335.94,111.86
Gaya,2025-10,374792,514973,65.5,341.46,112.14
Gaya,2025-11,377264,514973,60.2,343.79,113.1
Gaya,2025-12,379684,514973,64,344.3,116.17
Muzaffarpur,2019-01,82617,259069,27.5,2.81,1.13
Muzaffarpur,2019-02,83472,259069,30.6,3.66,3
Muzaffarpur,2019-03,84793,259069,30.1,8.65,5.11
Muzaffarpur,2019-04,85829,259069,31.9,15.73,7.91
Muzaffarpur,2019-05,87953,259069,32.2,22.72,10.77
Muzaffarpur,2019-06,88601,259069,31.9,26.9,13.58
Muzaffarpur,2019-07,90777,259069,30.4,27.78,14.4
Muzaffarpur,2019-08,91658,259069,29.5,34.91,15.27
Muzaffarpur,2019-09,93834,259069,30.5,36.11,17.53
Muzaffarpur,2019-10,95647,259069,34.9,37.85,17.67
Muzaffarpur,2019-11,97771,259069,36.1,45.12,18.74
Muzaffarpur,2019-12,99248,259069,32.9,50.32,19.44
Muzaffarpur,2020-01,100051,259069,31.7,55.82,21.32
Muzaffarpur,2020-02,101372,259069,33.1,58.1,21.64
Muzaffarpur,2020-03,103859,259069,33,61.21,23.69
Muzaffarpur,2020-04,105517,259069,35.1,63.39,24.43
Muzaffarpur,2020-05,106527,259069,36,67.27,25.28
Muzaffarpur,2020-06,107123,259069,39.7,72.2,27
Muzaffarpur,2020-07,109558,259069,36.9,77.96,27.32
Muzaffarpur,2020-08,110879,259069,38,84.15,27.63
Muzaffarpur,2020-09,111812,259069,36.4,87.76,28.42
Muzaffarpur,2020-10,112563,259069,37.5,88.69,31.14
Muzaffarpur,2020-11,114402,259069,39.6,94.58,31.65
Muzaffarpur,2020-12,114972,259069,39.3,96.94,33.93
Muzaffarpur,2021-01,117407,259069,44.3,100.65,34.44
Muzaffarpur,2021-02,119739,259069,39.6,106.4,35.51
Muzaffarpur,2021-03,120879,259069,43.1,110.88,36.62
Muzaffarpur,2021-04,122977,259069,41,113.46,38.9
Muzaffarpur,2021-05,125904,259069,46.9,120.43,39.93
Muzaffarpur,2021-06,126863,259069,40.7,121.57,41.5
Muzaffarpur,2021-07,129117,259069,41,122.6,42.36
Muzaffarpur,2021-08,130231,259069,46,125.83,42.48
Muzaffarpur,2021-09,131112,259069,44.3,127.8,45.53
Muzaffarpur,2021-10,132951,259069,47.4,132.51,46.33
Muzaffarpur,2021-11,134195,259069,46.9,138.46,47.39
Muzaffarpur,2021-12,136268,259069,46.2,143.77,50.09
Muzaffarpur,2022-01,137745,259069,50,147.33,52.29
Muzaffarpur,2022-02,140258,259069,45.4,150.26,53.02
Muzaffarpur,2022-03,141035,259069,45.8,156.09,55.09
Muzaffarpur,2022-04,141838,259069,48.2,159.18,55.55
Muzaffarpur,2022-05,144895,259069,52.6,160.91,56.01
Muzaffarpur,2022-06,147641,259069,51.2,167.01,58.56
Muzaffarpur,2022-07,149170,259069,54.4,172.61,59.03
Muzaffarpur,2022-08,150699,259069,55.3,176.57,60.18
Muzaffarpur,2022-09,152487,259069,53.9,182.87,61.31
Muzaffarpur,2022-10,155233,259069,53.5,183.95,62.85
Muzaffarpur,2022-11,155907,259069,54.7,185.72,65.05
Muzaffarpur,2022-12,157746,259069,51.1,190.11,65.74
Muzaffarpur,2023-01,158601,259069,59.4,192.08,68.42
Muzaffarpur,2023-02,159870,259069,61,194.34,70.11
Muzaffarpur,2023-03,161450,259069,55,197.94,71.98
Muzaffarpur,2023-04,163497,259069,52.1,200.89,72.15
Muzaffarpur,2023-05,164611,259069,59.6,208.32,73.09
Muzaffarpur,2023-06,165388,259069,55.7,214.76,73.9
Muzaffarpur,2023-07,166087,259069,53.1,218.09,74.24
Muzaffarpur,2023-08,166631,259069,54.9,223.57,74.94
Muzaffarpur,2023-09,168833,259069,62.8,227.86,77.38
Muzaffarpur,2023-10,171735,259069,59.3,228.28,78.99
Muzaffarpur,2023-11,172901,259069,58.7,230.91,80.06
Muzaffarpur,2023-12,174507,259069,58.5,232.7,82.56
Muzaffarpur,2024-01,176709,259069,66.6,236.08,83.24
Muzaffarpur,2024-02,177253,259069,63.7,240.56,85.78
Muzaffarpur,2024-03,180103,259069,64.3,241.78,85.91
Muzaffarpur,2024-04,182409,259069,60.9,244.5,88.61
Muzaffarpur,2024-05,183963,259069,59.6,247.09,91.33
Muzaffarpur,2024-06,186061,259069,60.7,252.95,91.44
Muzaffarpur,2024-07,188807,259069,62,257.6,91.73
Muzaffarpur,2024-08,190802,259069,65.3,264.09,93.85
Muzaffarpur,2024-09,193263,259069,72.9,270,96.21
Muzaffarpur,2024-10,193807,259069,68.2,271.9,97.93
Muzaffarpur,2024-11,195439,259069,67.2,278.35,98.6
Muzaffarpur,2024-12,198211,259069,74.5,278.81,99.97
Muzaffarpur,2025-01,200491,259069,73.1,281.44,102.11
Muzaffarpur,2025-02,201216,259069,75.8,282.28,104.39
Muzaffarpur,2025-03,202304,259069,64.6,289.19,106.42
Muzaffarpur,2025-04,205102,259069,65.9,293.52,107.65
Muzaffarpur,2025-05,207589,259069,69.5,298.54,108.39
Muzaffarpur,2025-06,209558,259069,74.9,304.9,111.32
Muzaffarpur,2025-07,211242,259069,75.3,306.44,112.86
Muzaffarpur,2025-08,213574,259069,74.7,310.12,113.15
Muzaffarpur,2025-09,215672,259069,77,315.36,116.02
Muzaffarpur,2025-10,218004,259069,81.5,318.09,117.04
Muzaffarpur,2025-11,220102,259069,70.9,319.69,119.66
Muzaffarpur,2025-12,221527,259069,74.9,323.52,120.79
Indore,2019-01,10015,66196,14,2.88,0.36
Indore,2019-02,10233,66196,13.9,5.03,1.22
Indore,2019-03,10690,66196,13.9,5.83,1.33
Indore,2019-04,11425,66196,16.9,12.56,1.54
Indore,2019-05,12199,66196,17.5,15.48,4.3
Indore,2019-06,12954,66196,18.3,22.46,4.97
Indore,2019-07,13424,66196,19.1,24.01,7.84
Indore,2019-08,13556,66196,16.9,30.09,8.6
Indore,2019-09,13867,66196,20.2,30.98,9.17
Indore,2019-10,14258,66196,20.1,33.52,10.44
Indore,2019-11,14675,66196,21.8,35.92,13.52
Indore,2019-12,15099,66196,19.3,42.95,14.08
Indore,2020-01,15675,66196,23.2,48.89,16.9
Indore,2020-02,15887,66196,20.4,53.27,17.37
Indore,2020-03,16165,66196,20.2,55.18,18.43
Indore,2020-04,16330,66196,21.5,62.05,18.6
Indore,2020-05,16615,66196,21.6,66.25,19.17
Indore,2020-06,17019,66196,21.9,70.99,19.7
Indore,2020-07,17568,66196,25.8,76.52,21.62
Indore,2020-08,18210,66196,24.8,81.34,21.94
Indore,2020-09,18614,66196,27,85.01,22.39
Indore,2020-10,19236,66196,24.2,91.92,23.23
Indore,2020-11,19395,66196,24.1,98.98,23.95
Indore,2020-12,19660,66196,24.6,106.28,24.91
Indore,2021-01,20183,66196,28.7,108.05,27.58
Indore,2021-02,20646,66196,30.5,113.56,27.95
Indore,2021-03,21176,66196,29.1,117.29,28.14
Indore,2021-04,21620,66196,27,119.42,29.78
Indore,2021-05,21845,66196,27.2,125.32,31.68
Indore,2021-06,22090,66196,32.4,129.89,32.98
Indore,2021-07,22739,66196,28.3,134.32,33.68
Indore,2021-08,23388,66196,33.5,138.1,35.84
Indore,2021-09,23626,66196,35.2,139.59,35.99
Indore,2021-10,23758,66196,35,145.35,38.82
Indore,2021-11,23963,66196,35.2,147.78,40.31
Indore,2021-12,24592,66196,35,154.38,41.33
Indore,2022-01,25036,66196,36.5,157.83,42.22
Indore,2022-02,25519,66196,33.6,161.67,45.28
Indore,2022-03,26075,66196,38.8,165.77,46.27
Indore,2022-04,26724,66196,39.3,171.51,46.79
Indore,2022-05,27419,66196,36.7,174.74,48.38
Indore,2022-06,27843,66196,40.1,178.11,48.7
Indore,2022-07,28280,66196,38.2,180.75,49.15
Indore,2022-08,28518,66196,40.1,184.08,50.08
Indore,2022-09,28948,66196,40.7,187.4,50.21
Indore,2022-10,29398,66196,41.1,190.2,51.44
Indore,2022-11,29557,66196,43.1,191.82,53.98
Indore,2022-12,30140,66196,39.2,192.54,54.87
Indore,2023-01,30365,66196,44.3,195.98,57.63
Indore,2023-02,30610,66196,38.6,199.55,60.73
Indore,2023-03,31159,66196,45.5,202.38,62.92
Indore,2023-04,31444,66196,43.8,203.54,63.44
Indore,2023-05,31682,66196,44.8,210.82,65.24
Indore,2023-06,32033,66196,46.1,211.89,65.62
Indore,2023-07,32344,66196,44.1,219.09,67.64
Indore,2023-08,32781,66196,44.9,219.95,67.87
Indore,2023-09,33039,66196,44.9,225.85,68.72
Indore,2023-10,33648,66196,46.4,229.48,69.43
Indore,2023-11,33820,66196,47.9,236.53,71.44
Indore,2023-12,34522,66196,43.5,238.11,73.94
Indore,2024-01,35283,66196,48,239.01,76.83
Indore,2024-02,35528,66196,45.1,240.2,78.64
Indore,2024-03,36276,66196,48.2,241.48,79.54
Indore,2024-04,36839,66196,51.6,248.66,80.27
Indore,2024-05,37375,66196,46.7,251.14,82.1
Indore,2024-06,37534,66196,53.8,252.93,84.35
Indore,2024-07,38156,66196,56.3,260.23,85.27
Indore,2024-08,38825,66196,49.7,260.78,85.65
Indore,2024-09,39262,66196,57.6,266.31,88.72
Indore,2024-10,39580,66196,56.7,268.88,89.78
Indore,2024-11,39891,66196,53.1,274.26,90.61
Indore,2024-12,40315,66196,59.8,274.85,91.98
Indore,2025-01,40646,66196,54.2,276.73,94.66
Indore,2025-02,41189,66196,56.1,281.34,95.79
Indore,2025-03,41745,66196,58.4,286.52,97.6
Indore,2025-04,42195,66196,61.2,291.52,98.7
Indore,2025-05,42625,66196,59.6,296.7,98.92
Indore,2025-06,42784,66196,61.5,299.73,99.51
Indore,2025-07,43373,66196,63.2,301.18,100.49
Indore,2025-08,43949,66196,58,307.36,101.05
Indore,2025-09,44584,66196,56.6,308.1,102.16
Indore,2025-10,44955,66196,59.2,309.88,102.78
Indore,2025-11,45683,66196,67.2,311.85,103.44
Indore,2025-12,45981,66196,59.3,317.28,104.22
Bhopal,2019-01,121323,364882,31.3,6.98,0.91
Bhopal,2019-02,122710,364882,33.2,11.16,1.84
Bhopal,2019-03,125848,364882,33.6,15.87,2
Bhopal,2019-04,127745,364882,32.8,21.3,5.04
Bhopal,2019-05,128913,364882,33.4,28.21,7.45
Bhopal,2019-06,130409,364882,29.7,29.29,8.03
Bhopal,2019-07,133365,364882,33.7,30.13,8.82
Bhopal,2019-08,137707,364882,33.6,35.21,9.07
Bhopal,2019-09,138510,364882,36.7,37.29,11.86
Bhopal,2019-10,140152,364882,33.3,39.2,12.19
Bhopal,2019-11,143363,364882,35.6,39.7,12.66
Bhopal,2019-12,145114,364882,36,44.61,13.12
Bhopal,2020-01,147194,364882,34.6,45.89,14.08
Bhopal,2020-02,151500,364882,34.3,51.07,16.28
Bhopal,2020-03,154164,364882,38.8,55.19,19.17
Bhopal,2020-04,157047,364882,40.1,57.44,21.9
Bhopal,2020-05,160696,364882,41.1,59.81,22.17
Bhopal,2020-06,163433,364882,37.4,65.24,24.24
Bhopal,2020-07,166243,364882,40.4,66.9,25.03
Bhopal,2020-08,170184,364882,45.7,70.61,26.64
Bhopal,2020-09,174198,364882,41.6,72.51,28.59
Bhopal,2020-10,175876,364882,43.7,73.81,29.98
Bhopal,2020-11,177664,364882,41.7,78.53,30.79
Bhopal,2020-12,179671,364882,45.7,80.03,32.96
Bhopal,2021-01,183831,364882,41.4,87.5,34.38
Bhopal,2021-02,185108,364882,46.7,92.28,34.66
Bhopal,2021-03,186203,364882,43.9,95.21,36.15
Bhopal,2021-04,187261,364882,43.4,99.68,36.44
Bhopal,2021-05,191056,364882,47.1,106.18,37.26
Bhopal,2021-06,192661,364882,44,111.23,40.14
Bhopal,2021-07,195434,364882,49.8,116.51,40.22
Bhopal,2021-08,199776,364882,54,123.46,42.2
Bhopal,2021-09,203352,364882,49.9,129.99,43.07
Bhopal,2021-10,205468,364882,53.6,131.53,43.9
Bhopal,2021-11,207548,364882,55.6,135.14,45.74
Bhopal,2021-12,210102,364882,51.6,137.73,46.51
Bhopal,2022-01,211744,364882,54.4,145.18,47.98
Bhopal,2022-02,212510,364882,48.4,152.43,48.65
Bhopal,2022-03,214444,364882,55.7,155.34,50.48
Bhopal,2022-04,217947,364882,55.5,159.7,52.26
Bhopal,2022-05,219771,364882,50.3,161.87,54.23
Bhopal,2022-06,220537,364882,55.6,166.02,55.85
Bhopal,2022-07,221522,364882,58.4,172.99,57.38
Bhopal,2022-08,222653,364882,52.1,174.55,58.33
Bhopal,2022-09,224003,364882,57.7,175.97,58.58
Bhopal,2022-10,228090,364882,54,180.31,59.97
Bhopal,2022-11,230608,364882,57.3,185.84,60.85
Bhopal,2022-12,232542,364882,59.9,192.91,62.58
Bhopal,2023-01,234476,364882,56.4,193.96,64.62
Bhopal,2023-02,235425,364882,55.1,197.83,66.9
Bhopal,2023-03,238672,364882,55.1,204.83,68.49
Bhopal,2023-04,241810,364882,63.2,208.14,70.95
Bhopal,2023-05,243415,364882,58.6,214.83,71.01
Bhopal,2023-06,245677,364882,55.7,221.87,71.89
Bhopal,2023-07,247246,364882,63.1,224.56,72.1
Bhopal,2023-08,248523,364882,57.1,228.41,73.43
Bhopal,2023-09,250530,364882,57.5,231,74.37
Bhopal,2023-10,252208,364882,67.5,236.34,74.69
Bhopal,2023-11,255018,364882,58.1,242.84,76.66
Bhopal,2023-12,258229,364882,59.2,243.57,79.35
Bhopal,2024-01,259506,364882,66.1,248.86,79.89
Bhopal,2024-02,262425,364882,66.7,253.89,81.2
Bhopal,2024-03,263775,364882,70.4,261.11,82.83
Bhopal,2024-04,266475,364882,64,268,83.66
Bhopal,2024-05,270635,364882,71,273.05,83.91
Bhopal,2024-06,272642,364882,70.4,279.42,86.41
Bhopal,2024-07,273627,364882,72.7,286.75,86.68
Bhopal,2024-08,275707,364882,68.2,293.38,87.58
Bhopal,2024-09,278845,364882,72.4,297.67,88.62
Bhopal,2024-10,281107,364882,75.3,299.58,90.75
Bhopal,2024-11,284099,364882,65.9,302.3,90.92
Bhopal,2024-12,286872,364882,68.7,309.31,92.81
Bhopal,2025-01,289609,364882,67.6,311.17,93.23
Bhopal,2025-02,293951,364882,73.5,318.64,95.23
Bhopal,2025-03,297016,364882,77.3,325.59,97.64
Bhopal,2025-04,299278,364882,71.2,331.21,98.3
Bhopal,2025-05,301248,364882,80.1,336.17,99.33
Bhopal,2025-06,304532,364882,73.8,342.4,101.36
Bhopal,2025-07,308509,364882,73.6,348.06,101.48
Bhopal,2025-08,310954,364882,73.5,355.41,101.74
Bhopal,2025-09,312997,364882,74.7,362.08,102.82
Bhopal,2025-10,313946,364882,73,363.74,105.72
Bhopal,2025-11,314858,364882,76.1,366.96,108.72
Bhopal,2025-12,318543,364882,83.2,372.67,109.32
Gwalior,2019-01,71710,459091,13.5,7.34,2.11
Gwalior,2019-02,76485,459091,15.7,8.36,3.65
Gwalior,2019-03,79745,459091,16.5,9.66,3.76
Gwalior,2019-04,80939,459091,16.9,16.55,4.61
Gwalior,2019-05,83877,459091,17.9,19.83,5.66
Gwalior,2019-06,87045,459091,18.4,27.15,5.98
Gwalior,2019-07,92279,459091,19.6,32.72,6.22
Gwalior,2019-08,97375,459091,20.4,39.05,6.5
Gwalior,2019-09,99165,459091,21.3,43.25,7.54
Gwalior,2019-10,100450,459091,18.9,43.98,7.88
Gwalior,2019-11,102378,459091,19.7,48.09,9.08
Gwalior,2019-12,106097,459091,20.1,49.91,9.52
Gwalior,2020-01,108760,459091,21,54.72,10.03
Gwalior,2020-02,113626,459091,21.2,61,11.18
Gwalior,2020-03,114682,459091,22,61.68,13.54
Gwalior,2020-04,115967,459091,22.2,67.41,13.83
Gwalior,2020-05,120696,459091,24.4,68.76,14.47
Gwalior,2020-06,121752,459091,25,70.34,15.59
Gwalior,2020-07,125562,459091,25.2,77.31,16.41
Gwalior,2020-08,130750,459091,24.7,82.98,16.78
Gwalior,2020-09,133321,459091,27.2,84.46,17.76
Gwalior,2020-10,135066,459091,27,86.56,19.72
Gwalior,2020-11,137775,459091,27.4,90.71,20.65
Gwalior,2020-12,142779,459091,27.7,94.3,21.48
Gwalior,2021-01,145258,459091,27.7,98.17,21.65
Gwalior,2021-02,147553,459091,29.8,100.16,24.15
Gwalior,2021-03,150675,459091,27,107.21,26.3
Gwalior,2021-04,151869,459091,32.7,108.75,27.56
Gwalior,2021-05,155725,459091,30.3,110.13,28.53
Gwalior,2021-06,160821,459091,30.9,110.94,28.89
Gwalior,2021-07,162198,459091,32,116.93,29.73
Gwalior,2021-08,167294,459091,31.2,120.51,30.38
Gwalior,2021-09,172528,459091,35.9,124.88,32.05
Gwalior,2021-10,175925,459091,36.7,129.08,32.87
Gwalior,2021-11,177945,459091,37.9,135.74,33.56
Gwalior,2021-12,181205,459091,33,136.99,36.47
Gwalior,2022-01,185383,459091,36.6,137.39,38.25
Gwalior,2022-02,187403,459091,34.5,144.5,41.24
Gwalior,2022-03,192086,459091,35.7,146.59,42.11
Gwalior,2022-04,195529,459091,41.9,150.35,42.64
Gwalior,2022-05,200074,459091,39.8,151.71,44.78
Gwalior,2022-06,201819,459091,42.1,156.43,46.54
Gwalior,2022-07,206594,459091,41.7,159.87,48.28
Gwalior,2022-08,208981,459091,44.2,161.89,49.27
Gwalior,2022-09,212516,459091,43.7,167.44,52.13
Gwalior,2022-10,215225,459091,40.6,173.22,54.32
Gwalior,2022-11,219127,459091,39.5,176.57,55.91
Gwalior,2022-12,220137,459091,41.3,181.99,57.8
Gwalior,2023-01,222387,459091,47.7,189.42,60.57
Gwalior,2023-02,223397,459091,45.9,193.85,62.83
Gwalior,2023-03,224315,459091,43.7,199.74,62.91
Gwalior,2023-04,229595,459091,46.9,205.94,63.74
Gwalior,2023-05,233773,459091,45.7,211.94,64.83
Gwalior,2023-06,238043,459091,45.3,216.65,66.45
Gwalior,2023-07,240109,459091,49.6,218.16,67.24
Gwalior,2023-08,241670,459091,47,223.14,67.53
Gwalior,2023-09,244975,459091,45.3,227.35,67.95
Gwalior,2023-10,249382,459091,52.4,230.41,68.93
Gwalior,2023-11,252137,459091,50.1,233.24,69.42
Gwalior,2023-12,254203,459091,49.7,240.53,69.89
Gwalior,2024-01,258059,459091,52.6,247.04,70.17
Gwalior,2024-02,260814,459091,48.2,249.5,70.87
Gwalior,2024-03,263385,459091,54.6,254.16,72.91
Gwalior,2024-04,267241,459091,53.4,254.95,76
Gwalior,2024-05,271235,459091,56.9,259.72,76.76
Gwalior,2024-06,276423,459091,55.2,260.98,77.21
Gwalior,2024-07,279361,459091,57.3,266.72,77.91
Gwalior,2024-08,281886,459091,53.9,273.34,79.34
Gwalior,2024-09,284778,459091,55.5,273.91,80.25
Gwalior,2024-10,289920,459091,54.3,275.81,80.96
Gwalior,2024-11,294373,459091,61.2,279.76,81.49
Gwalior,2024-12,298183,459091,59,285.64,83.71
Gwalior,2025-01,303279,459091,62.7,290.62,85.86
Gwalior,2025-02,307732,459091,64.6,292.2,86.18
Gwalior,2025-03,310257,459091,57.8,293.89,87.9
Gwalior,2025-04,313654,459091,62,300.42,89.06
Gwalior,2025-05,318199,459091,63.5,304.71,89.39
Gwalior,2025-06,319439,459091,67.4,311.59,90.39
Gwalior,2025-07,320403,459091,66,313.41,91.17
Gwalior,2025-08,322423,459091,67,320.52,93.57
Gwalior,2025-09,327335,459091,70.4,324.34,94.64
Gwalior,2025-10,332477,459091,67.3,325.45,96.74
Gwalior,2025-11,333441,459091,59.6,331.35,98.87
Gwalior,2025-12,336012,459091,66.7,335.84,99.47
Coimbatore,2019-01,54230,438753,11.6,2.87,2.44
Coimbatore,2019-02,55810,438753,12.5,6.29,3.04
Coimbatore,2019-03,58135,438753,11.7,8.57,3.15
Coimbatore,2019-04,59802,438753,12.9,12.96,6.18
Coimbatore,2019-05,60680,438753,13.6,17.92,8.18
Coimbatore,2019-06,62874,438753,12.3,19.76,10.7
Coimbatore,2019-07,64892,438753,12.7,24.8,13.54
Coimbatore,2019-08,68665,438753,13,25.3,14.39
Coimbatore,2019-09,69718,438753,13.1,32.66,16.01
Coimbatore,2019-10,72175,438753,14.3,37.36,16.15
Coimbatore,2019-11,74851,438753,14.8,41.3,16.45
Coimbatore,2019-12,75772,438753,14.6,44.44,16.51
Coimbatore,2020-01,78799,438753,16.4,49.33,17.48
Coimbatore,2020-02,79852,438753,16.1,53.74,17.74
Coimbatore,2020-03,81695,438753,17.4,59.33,17.88
Coimbatore,2020-04,86039,438753,18.3,60.35,18.39
Coimbatore,2020-05,88321,438753,17.9,62.45,20.52
Coimbatore,2020-06,93147,438753,17.8,62.97,22.15
Coimbatore,2020-07,95560,438753,19.3,67.61,23.83
Coimbatore,2020-08,98368,438753,21,69.43,26.16
Coimbatore,2020-09,100825,438753,19.1,76.73,27.19
Coimbatore,2020-10,101966,438753,21.1,77.61,27.56
Coimbatore,2020-11,104730,438753,22.3,79.65,28.52
Coimbatore,2020-12,107012,438753,23.4,81.21,29.72
Coimbatore,2021-01,110873,438753,21.3,88.26,30.73
Coimbatore,2021-02,114515,438753,22.1,95.29,32.34
Coimbatore,2021-03,116358,438753,22.7,102.52,32.71
Coimbatore,2021-04,119693,438753,22.9,107.44,33.36
Coimbatore,2021-05,122633,438753,27.7,110.37,36.23
Coimbatore,2021-06,125266,438753,26.7,113.21,36.76
Coimbatore,2021-07,130180,438753,24.5,120.28,37.78
Coimbatore,2021-08,133383,438753,25,121.41,39.04
Coimbatore,2021-09,136454,438753,26.5,121.96,39.58
Coimbatore,2021-10,141061,438753,30.2,125.84,40.37
Coimbatore,2021-11,146238,438753,27.7,129.96,40.49
Coimbatore,2021-12,149046,438753,29.8,136.57,42.69
Coimbatore,2022-01,151503,438753,28.4,142.14,42.83
Coimbatore,2022-02,156680,438753,31.5,145.55,43.24
Coimbatore,2022-03,158742,438753,31.8,149.77,43.44
Coimbatore,2022-04,160673,438753,32.7,151.22,43.61
Coimbatore,2022-05,164578,438753,36.8,154.06,44.58
Coimbatore,2022-06,167825,438753,32.6,157.13,47.48
Coimbatore,2022-07,171905,438753,33,161.7,47.6
Coimbatore,2022-08,176161,438753,38.2,165.05,47.86
Coimbatore,2022-09,180856,438753,39.2,169.87,49.35
Coimbatore,2022-10,185507,438753,41.5,173.26,50.51
Coimbatore,2022-11,187218,438753,37,175.11,50.86
Coimbatore,2022-12,189236,438753,38.6,178.77,51.99
Coimbatore,2023-01,193975,438753,39.3,181.8,52.58
Coimbatore,2023-02,198012,438753,40.4,188.28,54.75
Coimbatore,2023-03,201785,438753,45.5,192.03,55.94
Coimbatore,2023-04,202838,438753,44,198.37,58.03
Coimbatore,2023-05,208103,438753,39.5,201.45,59.52
Coimbatore,2023-06,211394,438753,42.4,203.85,59.72
Coimbatore,2023-07,212710,438753,44,209.57,60.15
Coimbatore,2023-08,214641,438753,44.2,210.09,60.76
Coimbatore,2023-09,217844,438753,46.9,215.33,61.47
Coimbatore,2023-10,221222,438753,41.4,222.23,61.78
Coimbatore,2023-11,224513,438753,45.9,223.05,63.25
Coimbatore,2023-12,225742,438753,46.8,227.01,64.25
Coimbatore,2024-01,229822,438753,51.1,230.48,67.15
Coimbatore,2024-02,234253,438753,51.5,235.2,68.04
Coimbatore,2024-03,239035,438753,48.2,240.08,70.32
Coimbatore,2024-04,241580,438753,47.1,243.2,70.36
Coimbatore,2024-05,244300,438753,48.9,246.67,72.72
Coimbatore,2024-06,245923,438753,51.3,249.19,73.71
Coimbatore,2024-07,247371,438753,51.9,253.19,74.03
Coimbatore,2024-08,248512,438753,52.6,255.94,76.25
Coimbatore,2024-09,252856,438753,50.7,259.45,78.2
Coimbatore,2024-10,257814,438753,53.9,263.22,78.69
Coimbatore,2024-11,260447,438753,55.7,264.86,79.69
Coimbatore,2024-12,264133,438753,58.9,270.67,81.47
Coimbatore,2025-01,265669,438753,58.7,273.16,84.03
Coimbatore,2025-02,267292,438753,59.8,279.97,84.12
Coimbatore,2025-03,268696,438753,56.4,282.52,85.7
Coimbatore,2025-04,273610,438753,53.9,289.02,87.49
Coimbatore,2025-05,277515,438753,55,292.14,88.4
Coimbatore,2025-06,278524,438753,62,299.19,88.53
Coimbatore,2025-07,281113,438753,62.3,304.91,89.5
Coimbatore,2025-08,283658,438753,59.2,311.19,90.72
Coimbatore,2025-09,288660,438753,56.3,316.55,92.5
Coimbatore,2025-10,291600,438753,55.8,321.59,95.18
Coimbatore,2025-11,294803,438753,58.8,326.53,98.24
Coimbatore,2025-12,299673,438753,59.9,329.51,99.08
Madurai,2019-01,81389,304258,23.9,6.71,0.24
Madurai,2019-02,82210,304258,22.8,7.69,2.42
Madurai,2019-03,83092,304258,25.4,11.79,3.01
Madurai,2019-04,85283,304258,23,15.3,3.12
Madurai,2019-05,87291,304258,25.8,16.61,3.81
Madurai,2019-06,88569,304258,28.3,20.94,5.64
Madurai,2019-07,89847,304258,28.8,24.31,6.6
Madurai,2019-08,92981,304258,30.2,30.17,7.08
Madurai,2019-09,93620,304258,26.7,32.91,8.43
Madurai,2019-10,95293,304258,27.2,38.97,9.12
Madurai,2019-11,98123,304258,27.4,41.12,12.03
Madurai,2019-12,100253,304258,27.6,45.63,14.23
Madurai,2020-01,102535,304258,29.7,49.89,16.88
Madurai,2020-02,104543,304258,29.3,52.54,19.2
Madurai,2020-03,107951,304258,34.1,58.64,21.38
Madurai,2020-04,109898,304258,33.7,64.22,23.38
Madurai,2020-05,111145,304258,32.6,71.68,25.19
Madurai,2020-06,114796,304258,35.5,78.41,25.85
Madurai,2020-07,117899,304258,37.3,83.7,28.73
Madurai,2020-08,119390,304258,33.5,89.22,31.2
Madurai,2020-09,122128,304258,35,93.28,34.25
Madurai,2020-10,125262,304258,36.8,94.27,34.99
Madurai,2020-11,127848,304258,40.3,99.27,35.11
Madurai,2020-12,130191,304258,35.5,99.69,36.87
Madurai,2021-01,133234,304258,38,104.73,37.74
Madurai,2021-02,136611,304258,36.8,108.47,39.32
Madurai,2021-03,137493,304258,43.6,115.12,40.4
Madurai,2021-04,140444,304258,42.5,117.89,40.88
Madurai,2021-05,142726,304258,39.7,123.56,41.88
Madurai,2021-06,145251,304258,40.5,129.63,42.85
Madurai,2021-07,148354,304258,42.3,136.91,44.81
Madurai,2021-08,150210,304258,40.6,140.41,46.78
Madurai,2021-09,152188,304258,43.8,142.14,47.46
Madurai,2021-10,152888,304258,47.7,147.45,49.92
Madurai,2021-11,154927,304258,47.7,152.7,50.2
Madurai,2021-12,156357,304258,47.6,157.26,51.02
Madurai,2022-01,158578,304258,45.7,164.2,52.09
Madurai,2022-02,160343,304258,50.9,166.94,52.7
Madurai,2022-03,162625,304258,50.8,169.34,53.2
Madurai,2022-04,164085,304258,44.3,174.61,55.83
Madurai,2022-05,166732,304258,52.4,178.88,56.68
Madurai,2022-06,169896,304258,53.6,182.27,58.54
Madurai,2022-07,172543,304258,54,183.9,59.8
Madurai,2022-08,174429,304258,50.3,184.98,60.69
Madurai,2022-09,175372,304258,52.4,190.72,62.29
Madurai,2022-10,176619,304258,48.4,196.05,63.3
Madurai,2022-11,179083,304258,56.2,202.48,65.24
Madurai,2022-12,181517,304258,57.6,206.83,65.42
Madurai,2023-01,182734,304258,53.4,213.01,67.25
Madurai,2023-02,185077,304258,58.3,220.26,67.97
Madurai,2023-03,188698,304258,61.4,221.29,68.83
Madurai,2023-04,189793,304258,53.6,222.28,69.45
Madurai,2023-05,190462,304258,54.8,225.73,72.3
Madurai,2023-06,193931,304258,54.8,230.01,72.98
Madurai,2023-07,195696,304258,61.4,232.87,75.83
Madurai,2023-08,197248,304258,53.2,233.92,77.96
Madurai,2023-09,199560,304258,61.5,234.76,79
Madurai,2023-10,200534,304258,58.5,235.33,79.5
Madurai,2023-11,203577,304258,58.3,237.71,82.56
Madurai,2023-12,206224,304258,61.7,238.19,85.36
Madurai,2024-01,207624,304258,57.4,242.96,88.26
Madurai,2024-02,208324,304258,62.4,245.01,89.31
Madurai,2024-03,211640,304258,63.7,247.65,91.15
Madurai,2024-04,214196,304258,59.7,253.93,91.84
Madurai,2024-05,215869,304258,59.8,257.6,93.72
Madurai,2024-06,218333,304258,65.3,258.68,95.86
Madurai,2024-07,219185,304258,61.8,265.88,96.53
Madurai,2024-08,222136,304258,60.5,271.29,97.42
Madurai,2024-09,223718,304258,70.1,275.02,98.15
Madurai,2024-10,224844,304258,68.4,282.31,100.39
Madurai,2024-11,225574,304258,69.9,286.27,102.83
Madurai,2024-12,227004,304258,69.9,289.45,103.82
Madurai,2025-01,228282,304258,72.4,291.77,104.35
Madurai,2025-02,228951,304258,62,294.03,104.99
Madurai,2025-03,232541,304258,68.6,294.63,106.5
Madurai,2025-04,235310,304258,73.4,297.16,107.3
Madurai,2025-05,237257,304258,76.8,299.32,107.91
Madurai,2025-06,238231,304258,69.5,305.44,108.23
Madurai,2025-07,239052,304258,68.7,310.6,108.51
Madurai,2025-08,242216,304258,78.4,317.82,108.61
Madurai,2025-09,242946,304258,73.4,322.59,110.02
Madurai,2025-10,245989,304258,74.9,326.55,111.43
Madurai,2025-11,248119,304258,71.4,331.1,112.52
Madurai,2025-12,250462,304258,81.2,334.86,115.29
Madurai,2025-12,250462
Madurai,2025-12,250462,304258,81.2,334.86,115.29,EXTRA_UNMAPPED_CELL
Madurai,2025-12,NOT_A_NUMBER,304258,81.2,334.86,115.29
